video_path,ucf_class,top1_label,top1_prob,top2_label,top2_prob,top3_label,top3_prob,inference_time_ms,top1_entropy
data/UCF-101/ApplyEyeMakeup/v_ApplyEyeMakeup_g01_c01.avi,ApplyEyeMakeup,Hitting [something] with [something],0.24881353974342346,Pretending to poke [something],0.1703055053949356,Poking a hole into [some substance],0.13812075555324554,355.601832998218,0.9210082411377383
data/UCF-101/ApplyEyeMakeup/v_ApplyEyeMakeup_g01_c02.avi,ApplyEyeMakeup,Hitting [something] with [something],0.6065065860748291,Sprinkling [something] onto [something],0.06866893917322159,Pretending to poke [something],0.054084647446870804,276.79695800179616,0.6449802556244667
data/UCF-101/ApplyEyeMakeup/v_ApplyEyeMakeup_g01_c03.avi,ApplyEyeMakeup,Hitting [something] with [something],0.5143954157829285,Spreading [something] onto [something],0.1907840073108673,Putting [something] into [something],0.06466926634311676,275.95879102591425,0.8351011753415674
data/UCF-101/ApplyEyeMakeup/v_ApplyEyeMakeup_g01_c04.avi,ApplyEyeMakeup,Hitting [something] with [something],0.9261217713356018,Pushing [something] with [something],0.013541058637201786,Spreading [something] onto [something],0.011779292486608028,277.3757499817293,0.18165014687129621
data/UCF-101/ApplyEyeMakeup/v_ApplyEyeMakeup_g01_c05.avi,ApplyEyeMakeup,Hitting [something] with [something],0.8983994126319885,Sprinkling [something] onto [something],0.02562476508319378,Spreading [something] onto [something],0.016136489808559418,277.1951250033453,0.2567391529577442
data/UCF-101/ApplyEyeMakeup/v_ApplyEyeMakeup_g01_c06.avi,ApplyEyeMakeup,Hitting [something] with [something],0.9106449484825134,Spreading [something] onto [something],0.05647053197026253,Sprinkling [something] onto [something],0.004223187919706106,277.70295800291933,0.27062559251081253
data/UCF-101/ApplyEyeMakeup/v_ApplyEyeMakeup_g02_c01.avi,ApplyEyeMakeup,Hitting [something] with [something],0.6333543658256531,Holding [something] next to [something],0.13730816543102264,Sprinkling [something] onto [something],0.07794582843780518,275.7547500077635,0.7607956150204711
data/UCF-101/ApplyEyeMakeup/v_ApplyEyeMakeup_g02_c02.avi,ApplyEyeMakeup,Hitting [something] with [something],0.7597066164016724,Spreading [something] onto [something],0.09658987075090408,Pretending to spread air onto [something],0.025313496589660645,278.644833015278,0.5276055060046179
data/UCF-101/ApplyEyeMakeup/v_ApplyEyeMakeup_g02_c03.avi,ApplyEyeMakeup,Hitting [something] with [something],0.9045770764350891,Pushing [something] with [something],0.04016851261258125,Pretending to poke [something],0.013206574134528637,276.6957920102868,0.27699198016644855
data/UCF-101/ApplyEyeMakeup/v_ApplyEyeMakeup_g02_c04.avi,ApplyEyeMakeup,Hitting [something] with [something],0.5469856858253479,Wiping [something] off of [something],0.04619958996772766,Trying but failing to attach [something] to [something] because it doesn't stick,0.026222530752420425,275.3360829956364,0.5675479052392164
data/UCF-101/ApplyLipstick/v_ApplyLipstick_g01_c01.avi,ApplyLipstick,Spreading [something] onto [something],0.15859949588775635,Wiping [something] off of [something],0.14552158117294312,Hitting [something] with [something],0.10981854051351547,277.17545797349885,0.8151046611101354
data/UCF-101/ApplyLipstick/v_ApplyLipstick_g01_c02.avi,ApplyLipstick,Spreading [something] onto [something],0.25617703795433044,Pretending to poke [something],0.21060393750667572,Poking [something] so lightly that it doesn't or almost doesn't move,0.07657364755868912,276.6817500232719,0.8737139725178061
data/UCF-101/ApplyLipstick/v_ApplyLipstick_g01_c03.avi,ApplyLipstick,Putting [something] into [something],0.17605382204055786,Spreading [something] onto [something],0.14683988690376282,Pretending to poke [something],0.13578501343727112,278.2998330076225,0.8586184422932364
data/UCF-101/ApplyLipstick/v_ApplyLipstick_g01_c04.avi,ApplyLipstick,Spreading [something] onto [something],0.7910634279251099,Poking a hole into [some substance],0.03330574557185173,Trying but failing to attach [something] to [something] because it doesn't stick,0.018932878971099854,276.493749988731,0.37381815467758384
data/UCF-101/ApplyLipstick/v_ApplyLipstick_g01_c05.avi,ApplyLipstick,Poking a hole into [some substance],0.27062472701072693,Pretending to put [something] into [something],0.1401916891336441,Putting [something] into [something],0.10659608244895935,276.70874999603257,0.8677909425992363
data/UCF-101/ApplyLipstick/v_ApplyLipstick_g02_c01.avi,ApplyLipstick,Poking a hole into [some substance],0.12871962785720825,Pretending to poke [something],0.1286085695028305,Poking [something] so lightly that it doesn't or almost doesn't move,0.11699335277080536,275.8286659955047,0.7786897533269792
data/UCF-101/ApplyLipstick/v_ApplyLipstick_g02_c02.avi,ApplyLipstick,Poking a hole into [some substance],0.35941851139068604,Poking a hole into [something soft],0.28727126121520996,Spreading [something] onto [something],0.09343928843736649,276.32166698458605,0.9475955190779993
data/UCF-101/ApplyLipstick/v_ApplyLipstick_g02_c03.avi,ApplyLipstick,Spreading [something] onto [something],0.4567299485206604,Poking a hole into [some substance],0.07086588442325592,Sprinkling [something] onto [something],0.07069467008113861,277.5044580048416,0.7327993563930041
data/UCF-101/ApplyLipstick/v_ApplyLipstick_g02_c04.avi,ApplyLipstick,Squeezing [something],0.15707387030124664,Poking a hole into [something soft],0.12439514696598053,Poking a hole into [some substance],0.08653600513935089,277.3262499831617,0.7617961481745696
data/UCF-101/ApplyLipstick/v_ApplyLipstick_g03_c01.avi,ApplyLipstick,Sprinkling [something] onto [something],0.5334357619285583,Pretending to close [something] without actually closing it,0.07146602123975754,Pretending to poke [something],0.06233276054263115,276.4819999865722,0.69677549241952
data/UCF-101/Archery/v_Archery_g01_c01.avi,Archery,Twisting [something],0.2895261347293854,Moving [part] of [something],0.14093223214149475,Spinning [something] so it continues spinning,0.11899116635322571,274.69937500427477,0.8883210118786509
data/UCF-101/Archery/v_Archery_g01_c02.avi,Archery,Hitting [something] with [something],0.23635122179985046,Spinning [something] so it continues spinning,0.21893076598644257,Pulling two ends of [something] but nothing happens,0.18761445581912994,275.6390839931555,0.9874250566071682
data/UCF-101/Archery/v_Archery_g01_c03.avi,Archery,Pulling two ends of [something] but nothing happens,0.2487865835428238,Moving [part] of [something],0.14447686076164246,Spinning [something] so it continues spinning,0.1339462548494339,275.7164580107201,0.8948864139223066
data/UCF-101/Archery/v_Archery_g01_c04.avi,Archery,Pulling two ends of [something] but nothing happens,0.1997787058353424,Hitting [something] with [something],0.09781836718320847,Pretending to spread air onto [something],0.08451526612043381,275.3830419969745,0.7579676405553082
data/UCF-101/Archery/v_Archery_g01_c05.avi,Archery,Hitting [something] with [something],0.16295146942138672,Spreading [something] onto [something],0.09950076788663864,Pushing [something] with [something],0.09348917752504349,275.89133399305865,0.746811183933335
data/UCF-101/Archery/v_Archery_g01_c06.avi,Archery,Pulling [something] from right to left,0.3557416796684265,Rolling [something] on a flat surface,0.09673547744750977,Moving [something] across a surface without it falling down,0.08509086072444916,275.6246250064578,0.8032961954774682
data/UCF-101/Archery/v_Archery_g01_c07.avi,Archery,Spinning [something] so it continues spinning,0.3676758408546448,Twisting [something],0.19811201095581055,Pushing [something] so it spins,0.12396907061338425,275.9937499940861,0.9474205171813705
data/UCF-101/Archery/v_Archery_g02_c01.avi,Archery,Spinning [something] so it continues spinning,0.18706382811069489,Pretending to throw [something],0.17904840409755707,Throwing [something] in the air and catching it,0.16340172290802002,275.31662498950027,0.9175664392878682
data/UCF-101/Archery/v_Archery_g02_c02.avi,Archery,Spinning [something] so it continues spinning,0.637505292892456,Throwing [something] in the air and catching it,0.13112327456474304,Spinning [something] that quickly stops spinning,0.04139984771609306,276.42637499957345,0.6852294581724757
data/UCF-101/Archery/v_Archery_g02_c03.avi,Archery,Pulling two ends of [something] but nothing happens,0.14081041514873505,Spinning [something] so it continues spinning,0.11779127269983292,Hitting [something] with [something],0.0707896500825882,275.82687500398606,0.715427225967871
data/UCF-101/BabyCrawling/v_BabyCrawling_g01_c01.avi,BabyCrawling,Spinning [something] so it continues spinning,0.09208454191684723,Pretending to pick [something] up,0.08303959667682648,Rolling [something] on a flat surface,0.08157981932163239,275.2360830199905,0.6307181039489075
data/UCF-101/BabyCrawling/v_BabyCrawling_g01_c02.avi,BabyCrawling,Pushing [something] so it spins,0.1579551100730896,Rolling [something] on a flat surface,0.12114308774471283,Spinning [something] so it continues spinning,0.09494011104106903,278.7530840141699,0.7707414752497028
data/UCF-101/BabyCrawling/v_BabyCrawling_g01_c03.avi,BabyCrawling,Twisting [something],0.23397627472877502,Turning [something] upside down,0.16529428958892822,Pretending to turn [something] upside down,0.12324704974889755,278.6610840121284,0.8954188146783792
data/UCF-101/BabyCrawling/v_BabyCrawling_g01_c04.avi,BabyCrawling,Showing [something] to the camera,0.3744826912879944,Twisting [something],0.19830794632434845,Moving [part] of [something],0.11641823500394821,277.4414170125965,0.9390348421109695
data/UCF-101/BabyCrawling/v_BabyCrawling_g02_c01.avi,BabyCrawling,Moving [something] towards the camera,0.5245632529258728,Moving [something] away from the camera,0.0773976594209671,Moving [part] of [something],0.06052441522479057,276.7317079997156,0.7062409490222712
data/UCF-101/BabyCrawling/v_BabyCrawling_g02_c02.avi,BabyCrawling,Moving [part] of [something],0.3143447935581207,Closing [something],0.11892791092395782,Moving [something] towards the camera,0.07550817728042603,277.52041700296104,0.8120824287449259
data/UCF-101/BabyCrawling/v_BabyCrawling_g02_c03.avi,BabyCrawling,Spinning [something] so it continues spinning,0.16495510935783386,Pushing [something] so it spins,0.12970350682735443,Rolling [something] on a flat surface,0.09366538375616074,276.2498749943916,0.7839846884053028
data/UCF-101/BabyCrawling/v_BabyCrawling_g02_c04.avi,BabyCrawling,Twisting [something],0.33720552921295166,Moving [part] of [something],0.08805043250322342,Rolling [something] on a flat surface,0.08037495613098145,276.2568750185892,0.7831419832904225
data/UCF-101/BabyCrawling/v_BabyCrawling_g02_c05.avi,BabyCrawling,Moving [part] of [something],0.2265707552433014,Turning [something] upside down,0.08595746755599976,Showing [something] to the camera,0.05353527143597603,276.8361669732258,0.7040403385829764
data/UCF-101/BabyCrawling/v_BabyCrawling_g02_c06.avi,BabyCrawling,Rolling [something] on a flat surface,0.19790662825107574,Moving [part] of [something],0.0951274037361145,Pushing [something] so it spins,0.08489677309989929,277.4390830018092,0.7537741997732992
data/UCF-101/BalanceBeam/v_BalanceBeam_g01_c01.avi,BalanceBeam,Turning [something] upside down,0.3421725928783417,Throwing [something] in the air and letting it fall,0.1246003583073616,Moving [something] down,0.06501619517803192,278.8390409841668,0.8041547333081333
data/UCF-101/BalanceBeam/v_BalanceBeam_g01_c02.avi,BalanceBeam,Putting [something] into [something],0.3009040951728821,Dropping [something] onto [something],0.08299829810857773,Putting [something] on a surface,0.08223947137594223,278.1180420133751,0.7733963350289943
data/UCF-101/BalanceBeam/v_BalanceBeam_g01_c03.avi,BalanceBeam,Turning [something] upside down,0.28030139207839966,Throwing [something] in the air and letting it fall,0.07692064344882965,Throwing [something] in the air and catching it,0.06756404042243958,279.2073750169948,0.7358759117122611
data/UCF-101/BalanceBeam/v_BalanceBeam_g01_c04.avi,BalanceBeam,Turning [something] upside down,0.6868768930435181,Pretending to turn [something] upside down,0.09864190220832825,Throwing [something] in the air and letting it fall,0.051181644201278687,282.3935829801485,0.6386023088015623
data/UCF-101/BalanceBeam/v_BalanceBeam_g02_c01.avi,BalanceBeam,Turning [something] upside down,0.28047460317611694,Pretending to turn [something] upside down,0.16379670798778534,Throwing [something] in the air and letting it fall,0.11582737416028976,282.59787501883693,0.9025727284566739
data/UCF-101/BalanceBeam/v_BalanceBeam_g02_c02.avi,BalanceBeam,Turning [something] upside down,0.4849558472633362,Throwing [something] in the air and letting it fall,0.14236921072006226,Pretending to turn [something] upside down,0.10705920308828354,278.97295900038444,0.8676963140414127
data/UCF-101/BalanceBeam/v_BalanceBeam_g02_c03.avi,BalanceBeam,Turning [something] upside down,0.38962024450302124,Showing [something] to the camera,0.2116612046957016,Pretending to turn [something] upside down,0.10271108895540237,277.437499986263,0.9296636553791572
data/UCF-101/BalanceBeam/v_BalanceBeam_g02_c04.avi,BalanceBeam,Turning [something] upside down,0.530878484249115,Pretending to turn [something] upside down,0.16385850310325623,Spinning [something] so it continues spinning,0.08752710372209549,276.8696249986533,0.8457425119174407
data/UCF-101/BalanceBeam/v_BalanceBeam_g03_c01.avi,BalanceBeam,Turning [something] upside down,0.377116322517395,Throwing [something] in the air and letting it fall,0.23840190470218658,Throwing [something] in the air and catching it,0.08753595501184464,279.57904199138284,0.9227962784496888
data/UCF-101/BalanceBeam/v_BalanceBeam_g03_c02.avi,BalanceBeam,Turning [something] upside down,0.7673173546791077,Pretending to turn [something] upside down,0.05504702776670456,[Something] falling like a feather or paper,0.048091210424900055,277.5893750076648,0.5087805268046457
data/UCF-101/ApplyEyeMakeup/v_ApplyEyeMakeup_g01_c01.avi,ApplyEyeMakeup,Hitting [something] with [something],0.24881353974342346,Pretending to poke [something],0.1703055053949356,Poking a hole into [some substance],0.13812075555324554,355.601832998218,0.9210082411377383
data/UCF-101/ApplyEyeMakeup/v_ApplyEyeMakeup_g01_c02.avi,ApplyEyeMakeup,Hitting [something] with [something],0.6065065860748291,Sprinkling [something] onto [something],0.06866893917322159,Pretending to poke [something],0.054084647446870804,276.79695800179616,0.6449802556244667
data/UCF-101/ApplyEyeMakeup/v_ApplyEyeMakeup_g01_c03.avi,ApplyEyeMakeup,Hitting [something] with [something],0.5143954157829285,Spreading [something] onto [something],0.1907840073108673,Putting [something] into [something],0.06466926634311676,275.95879102591425,0.8351011753415674
data/UCF-101/ApplyEyeMakeup/v_ApplyEyeMakeup_g01_c04.avi,ApplyEyeMakeup,Hitting [something] with [something],0.9261217713356018,Pushing [something] with [something],0.013541058637201786,Spreading [something] onto [something],0.011779292486608028,277.3757499817293,0.18165014687129621
data/UCF-101/ApplyEyeMakeup/v_ApplyEyeMakeup_g01_c05.avi,ApplyEyeMakeup,Hitting [something] with [something],0.8983994126319885,Sprinkling [something] onto [something],0.02562476508319378,Spreading [something] onto [something],0.016136489808559418,277.1951250033453,0.2567391529577442
data/UCF-101/ApplyEyeMakeup/v_ApplyEyeMakeup_g01_c06.avi,ApplyEyeMakeup,Hitting [something] with [something],0.9106449484825134,Spreading [something] onto [something],0.05647053197026253,Sprinkling [something] onto [something],0.004223187919706106,277.70295800291933,0.27062559251081253
data/UCF-101/ApplyEyeMakeup/v_ApplyEyeMakeup_g02_c01.avi,ApplyEyeMakeup,Hitting [something] with [something],0.6333543658256531,Holding [something] next to [something],0.13730816543102264,Sprinkling [something] onto [something],0.07794582843780518,275.7547500077635,0.7607956150204711
data/UCF-101/ApplyEyeMakeup/v_ApplyEyeMakeup_g02_c02.avi,ApplyEyeMakeup,Hitting [something] with [something],0.7597066164016724,Spreading [something] onto [something],0.09658987075090408,Pretending to spread air onto [something],0.025313496589660645,278.644833015278,0.5276055060046179
data/UCF-101/ApplyEyeMakeup/v_ApplyEyeMakeup_g02_c03.avi,ApplyEyeMakeup,Hitting [something] with [something],0.9045770764350891,Pushing [something] with [something],0.04016851261258125,Pretending to poke [something],0.013206574134528637,276.6957920102868,0.27699198016644855
data/UCF-101/ApplyEyeMakeup/v_ApplyEyeMakeup_g02_c04.avi,ApplyEyeMakeup,Hitting [something] with [something],0.5469856858253479,Wiping [something] off of [something],0.04619958996772766,Trying but failing to attach [something] to [something] because it doesn't stick,0.026222530752420425,275.3360829956364,0.5675479052392164
data/UCF-101/ApplyLipstick/v_ApplyLipstick_g01_c01.avi,ApplyLipstick,Spreading [something] onto [something],0.15859949588775635,Wiping [something] off of [something],0.14552158117294312,Hitting [something] with [something],0.10981854051351547,277.17545797349885,0.8151046611101354
data/UCF-101/ApplyLipstick/v_ApplyLipstick_g01_c02.avi,ApplyLipstick,Spreading [something] onto [something],0.25617703795433044,Pretending to poke [something],0.21060393750667572,Poking [something] so lightly that it doesn't or almost doesn't move,0.07657364755868912,276.6817500232719,0.8737139725178061
data/UCF-101/ApplyLipstick/v_ApplyLipstick_g01_c03.avi,ApplyLipstick,Putting [something] into [something],0.17605382204055786,Spreading [something] onto [something],0.14683988690376282,Pretending to poke [something],0.13578501343727112,278.2998330076225,0.8586184422932364
data/UCF-101/ApplyLipstick/v_ApplyLipstick_g01_c04.avi,ApplyLipstick,Spreading [something] onto [something],0.7910634279251099,Poking a hole into [some substance],0.03330574557185173,Trying but failing to attach [something] to [something] because it doesn't stick,0.018932878971099854,276.493749988731,0.37381815467758384
data/UCF-101/ApplyLipstick/v_ApplyLipstick_g01_c05.avi,ApplyLipstick,Poking a hole into [some substance],0.27062472701072693,Pretending to put [something] into [something],0.1401916891336441,Putting [something] into [something],0.10659608244895935,276.70874999603257,0.8677909425992363
data/UCF-101/ApplyLipstick/v_ApplyLipstick_g02_c01.avi,ApplyLipstick,Poking a hole into [some substance],0.12871962785720825,Pretending to poke [something],0.1286085695028305,Poking [something] so lightly that it doesn't or almost doesn't move,0.11699335277080536,275.8286659955047,0.7786897533269792
data/UCF-101/ApplyLipstick/v_ApplyLipstick_g02_c02.avi,ApplyLipstick,Poking a hole into [some substance],0.35941851139068604,Poking a hole into [something soft],0.28727126121520996,Spreading [something] onto [something],0.09343928843736649,276.32166698458605,0.9475955190779993
data/UCF-101/ApplyLipstick/v_ApplyLipstick_g02_c03.avi,ApplyLipstick,Spreading [something] onto [something],0.4567299485206604,Poking a hole into [some substance],0.07086588442325592,Sprinkling [something] onto [something],0.07069467008113861,277.5044580048416,0.7327993563930041
data/UCF-101/ApplyLipstick/v_ApplyLipstick_g02_c04.avi,ApplyLipstick,Squeezing [something],0.15707387030124664,Poking a hole into [something soft],0.12439514696598053,Poking a hole into [some substance],0.08653600513935089,277.3262499831617,0.7617961481745696
data/UCF-101/ApplyLipstick/v_ApplyLipstick_g03_c01.avi,ApplyLipstick,Sprinkling [something] onto [something],0.5334357619285583,Pretending to close [something] without actually closing it,0.07146602123975754,Pretending to poke [something],0.06233276054263115,276.4819999865722,0.69677549241952
data/UCF-101/Archery/v_Archery_g01_c01.avi,Archery,Twisting [something],0.2895261347293854,Moving [part] of [something],0.14093223214149475,Spinning [something] so it continues spinning,0.11899116635322571,274.69937500427477,0.8883210118786509
data/UCF-101/Archery/v_Archery_g01_c02.avi,Archery,Hitting [something] with [something],0.23635122179985046,Spinning [something] so it continues spinning,0.21893076598644257,Pulling two ends of [something] but nothing happens,0.18761445581912994,275.6390839931555,0.9874250566071682
data/UCF-101/Archery/v_Archery_g01_c03.avi,Archery,Pulling two ends of [something] but nothing happens,0.2487865835428238,Moving [part] of [something],0.14447686076164246,Spinning [something] so it continues spinning,0.1339462548494339,275.7164580107201,0.8948864139223066
data/UCF-101/Archery/v_Archery_g01_c04.avi,Archery,Pulling two ends of [something] but nothing happens,0.1997787058353424,Hitting [something] with [something],0.09781836718320847,Pretending to spread air onto [something],0.08451526612043381,275.3830419969745,0.7579676405553082
data/UCF-101/Archery/v_Archery_g01_c05.avi,Archery,Hitting [something] with [something],0.16295146942138672,Spreading [something] onto [something],0.09950076788663864,Pushing [something] with [something],0.09348917752504349,275.89133399305865,0.746811183933335
data/UCF-101/Archery/v_Archery_g01_c06.avi,Archery,Pulling [something] from right to left,0.3557416796684265,Rolling [something] on a flat surface,0.09673547744750977,Moving [something] across a surface without it falling down,0.08509086072444916,275.6246250064578,0.8032961954774682
data/UCF-101/Archery/v_Archery_g01_c07.avi,Archery,Spinning [something] so it continues spinning,0.3676758408546448,Twisting [something],0.19811201095581055,Pushing [something] so it spins,0.12396907061338425,275.9937499940861,0.9474205171813705
data/UCF-101/Archery/v_Archery_g02_c01.avi,Archery,Spinning [something] so it continues spinning,0.18706382811069489,Pretending to throw [something],0.17904840409755707,Throwing [something] in the air and catching it,0.16340172290802002,275.31662498950027,0.9175664392878682
data/UCF-101/Archery/v_Archery_g02_c02.avi,Archery,Spinning [something] so it continues spinning,0.637505292892456,Throwing [something] in the air and catching it,0.13112327456474304,Spinning [something] that quickly stops spinning,0.04139984771609306,276.42637499957345,0.6852294581724757
data/UCF-101/Archery/v_Archery_g02_c03.avi,Archery,Pulling two ends of [something] but nothing happens,0.14081041514873505,Spinning [something] so it continues spinning,0.11779127269983292,Hitting [something] with [something],0.0707896500825882,275.82687500398606,0.715427225967871
data/UCF-101/BabyCrawling/v_BabyCrawling_g01_c01.avi,BabyCrawling,Spinning [something] so it continues spinning,0.09208454191684723,Pretending to pick [something] up,0.08303959667682648,Rolling [something] on a flat surface,0.08157981932163239,275.2360830199905,0.6307181039489075
data/UCF-101/BabyCrawling/v_BabyCrawling_g01_c02.avi,BabyCrawling,Pushing [something] so it spins,0.1579551100730896,Rolling [something] on a flat surface,0.12114308774471283,Spinning [something] so it continues spinning,0.09494011104106903,278.7530840141699,0.7707414752497028
data/UCF-101/BabyCrawling/v_BabyCrawling_g01_c03.avi,BabyCrawling,Twisting [something],0.23397627472877502,Turning [something] upside down,0.16529428958892822,Pretending to turn [something] upside down,0.12324704974889755,278.6610840121284,0.8954188146783792
data/UCF-101/BabyCrawling/v_BabyCrawling_g01_c04.avi,BabyCrawling,Showing [something] to the camera,0.3744826912879944,Twisting [something],0.19830794632434845,Moving [part] of [something],0.11641823500394821,277.4414170125965,0.9390348421109695
data/UCF-101/BabyCrawling/v_BabyCrawling_g02_c01.avi,BabyCrawling,Moving [something] towards the camera,0.5245632529258728,Moving [something] away from the camera,0.0773976594209671,Moving [part] of [something],0.06052441522479057,276.7317079997156,0.7062409490222712
data/UCF-101/BabyCrawling/v_BabyCrawling_g02_c02.avi,BabyCrawling,Moving [part] of [something],0.3143447935581207,Closing [something],0.11892791092395782,Moving [something] towards the camera,0.07550817728042603,277.52041700296104,0.8120824287449259
data/UCF-101/BabyCrawling/v_BabyCrawling_g02_c03.avi,BabyCrawling,Spinning [something] so it continues spinning,0.16495510935783386,Pushing [something] so it spins,0.12970350682735443,Rolling [something] on a flat surface,0.09366538375616074,276.2498749943916,0.7839846884053028
data/UCF-101/BabyCrawling/v_BabyCrawling_g02_c04.avi,BabyCrawling,Twisting [something],0.33720552921295166,Moving [part] of [something],0.08805043250322342,Rolling [something] on a flat surface,0.08037495613098145,276.2568750185892,0.7831419832904225
data/UCF-101/BabyCrawling/v_BabyCrawling_g02_c05.avi,BabyCrawling,Moving [part] of [something],0.2265707552433014,Turning [something] upside down,0.08595746755599976,Showing [something] to the camera,0.05353527143597603,276.8361669732258,0.7040403385829764
data/UCF-101/BabyCrawling/v_BabyCrawling_g02_c06.avi,BabyCrawling,Rolling [something] on a flat surface,0.19790662825107574,Moving [part] of [something],0.0951274037361145,Pushing [something] so it spins,0.08489677309989929,277.4390830018092,0.7537741997732992
data/UCF-101/BalanceBeam/v_BalanceBeam_g01_c01.avi,BalanceBeam,Turning [something] upside down,0.3421725928783417,Throwing [something] in the air and letting it fall,0.1246003583073616,Moving [something] down,0.06501619517803192,278.8390409841668,0.8041547333081333
data/UCF-101/BalanceBeam/v_BalanceBeam_g01_c02.avi,BalanceBeam,Putting [something] into [something],0.3009040951728821,Dropping [something] onto [something],0.08299829810857773,Putting [something] on a surface,0.08223947137594223,278.1180420133751,0.7733963350289943
data/UCF-101/BalanceBeam/v_BalanceBeam_g01_c03.avi,BalanceBeam,Turning [something] upside down,0.28030139207839966,Throwing [something] in the air and letting it fall,0.07692064344882965,Throwing [something] in the air and catching it,0.06756404042243958,279.2073750169948,0.7358759117122611
data/UCF-101/BalanceBeam/v_BalanceBeam_g01_c04.avi,BalanceBeam,Turning [something] upside down,0.6868768930435181,Pretending to turn [something] upside down,0.09864190220832825,Throwing [something] in the air and letting it fall,0.051181644201278687,282.3935829801485,0.6386023088015623
data/UCF-101/BalanceBeam/v_BalanceBeam_g02_c01.avi,BalanceBeam,Turning [something] upside down,0.28047460317611694,Pretending to turn [something] upside down,0.16379670798778534,Throwing [something] in the air and letting it fall,0.11582737416028976,282.59787501883693,0.9025727284566739
data/UCF-101/BalanceBeam/v_BalanceBeam_g02_c02.avi,BalanceBeam,Turning [something] upside down,0.4849558472633362,Throwing [something] in the air and letting it fall,0.14236921072006226,Pretending to turn [something] upside down,0.10705920308828354,278.97295900038444,0.8676963140414127
data/UCF-101/BalanceBeam/v_BalanceBeam_g02_c03.avi,BalanceBeam,Turning [something] upside down,0.38962024450302124,Showing [something] to the camera,0.2116612046957016,Pretending to turn [something] upside down,0.10271108895540237,277.437499986263,0.9296636553791572
data/UCF-101/BalanceBeam/v_BalanceBeam_g02_c04.avi,BalanceBeam,Turning [something] upside down,0.530878484249115,Pretending to turn [something] upside down,0.16385850310325623,Spinning [something] so it continues spinning,0.08752710372209549,276.8696249986533,0.8457425119174407
data/UCF-101/BalanceBeam/v_BalanceBeam_g03_c01.avi,BalanceBeam,Turning [something] upside down,0.377116322517395,Throwing [something] in the air and letting it fall,0.23840190470218658,Throwing [something] in the air and catching it,0.08753595501184464,279.57904199138284,0.9227962784496888
data/UCF-101/BalanceBeam/v_BalanceBeam_g03_c02.avi,BalanceBeam,Turning [something] upside down,0.7673173546791077,Pretending to turn [something] upside down,0.05504702776670456,[Something] falling like a feather or paper,0.048091210424900055,277.5893750076648,0.5087805268046457
data/UCF-101/BandMarching/v_BandMarching_g01_c01.avi,BandMarching,Turning the camera left while filming [something],0.5015445947647095,Moving [something] towards the camera,0.21853868663311005,Moving [something] and [something] so they pass each other,0.12738195061683655,276.98362499359064,0.9409279960023591
data/UCF-101/BandMarching/v_BandMarching_g01_c02.avi,BandMarching,Moving [something] towards the camera,0.4114818871021271,Turning the camera left while filming [something],0.24245041608810425,Moving [something] and [something] so they pass each other,0.19193018972873688,275.72358399629593,1.025738480108981
data/UCF-101/BandMarching/v_BandMarching_g01_c03.avi,BandMarching,Moving [something] and [something] so they pass each other,0.21914175152778625,Moving [something] towards the camera,0.16374795138835907,Showing [something] behind [something],0.13147345185279846,276.19054101523943,0.8957082299836694
data/UCF-101/BandMarching/v_BandMarching_g01_c04.avi,BandMarching,Showing [something] behind [something],0.5379787683486938,Holding [something] in front of [something],0.13808639347553253,Showing [something] to the camera,0.06837894767522812,276.91891699214466,0.7903459446536609
data/UCF-101/BandMarching/v_BandMarching_g01_c05.avi,BandMarching,Turning the camera left while filming [something],0.2211340367794037,Pulling [something] from left to right,0.18577629327774048,Moving away from [something] with your camera,0.1786319613456726,275.35504099796526,0.9540697521790715
data/UCF-101/BandMarching/v_BandMarching_g01_c06.avi,BandMarching,Moving away from [something] with your camera,0.2761991024017334,Approaching [something] with your camera,0.15486939251422882,Showing [something] behind [something],0.14586108922958374,276.8649999925401,0.9250224546617152
data/UCF-101/BandMarching/v_BandMarching_g01_c07.avi,BandMarching,Moving away from [something] with your camera,0.8896059989929199,Moving [something] away from the camera,0.08667466044425964,Turning the camera left while filming [something],0.007272557821124792,276.6988330113236,0.3518416085504955
data/UCF-101/BandMarching/v_BandMarching_g02_c01.avi,BandMarching,Pushing [something] from right to left,0.2869674265384674,Moving [part] of [something],0.1214730441570282,Showing [something] to the camera,0.11247628182172775,275.1010420033708,0.8600812251764991
data/UCF-101/BandMarching/v_BandMarching_g02_c02.avi,BandMarching,Pushing [something] from right to left,0.2869674265384674,Moving [part] of [something],0.1214730441570282,Showing [something] to the camera,0.11247628182172775,276.0654999874532,0.8600812251764991
data/UCF-101/BandMarching/v_BandMarching_g02_c03.avi,BandMarching,Moving [something] towards the camera,0.1396210789680481,Showing a photo of [something] to the camera,0.13601228594779968,Moving [something] and [something] so they pass each other,0.1104867085814476,275.78791600535624,0.7896218408813757
data/UCF-101/BaseballPitch/v_BaseballPitch_g01_c01.avi,BaseballPitch,Throwing [something] in the air and letting it fall,0.29168036580085754,Throwing [something],0.1693568229675293,Hitting [something] with [something],0.10098938643932343,276.85570798348635,0.8916557508679621
data/UCF-101/BaseballPitch/v_BaseballPitch_g01_c02.avi,BaseballPitch,Throwing [something] in the air and letting it fall,0.18658603727817535,Pretending to pick [something] up,0.1814025342464447,Hitting [something] with [something],0.0822102501988411,274.826499982737,0.8283134351965089
data/UCF-101/BaseballPitch/v_BaseballPitch_g01_c03.avi,BaseballPitch,Throwing [something],0.466650128364563,Throwing [something] against [something],0.1818225085735321,Throwing [something] in the air and letting it fall,0.11365116387605667,276.208791998215,0.9127748017230829
data/UCF-101/BaseballPitch/v_BaseballPitch_g01_c04.avi,BaseballPitch,Pretending to pick [something] up,0.17112652957439423,Throwing [something] in the air and letting it fall,0.1500156819820404,Taking [one of many similar things on the table],0.14169619977474213,277.3367090267129,0.8635649224507806
data/UCF-101/BaseballPitch/v_BaseballPitch_g01_c05.avi,BaseballPitch,Throwing [something],0.4778132140636444,Throwing [something] against [something],0.23912282288074493,Throwing [something] in the air and letting it fall,0.10443005710840225,276.1117499903776,0.9309459574225846
data/UCF-101/BaseballPitch/v_BaseballPitch_g01_c06.avi,BaseballPitch,Throwing [something],0.36444512009620667,Throwing [something] against [something],0.23516817390918732,Throwing [something] in the air and letting it fall,0.11055967211723328,276.2520000105724,0.9517330625001668
data/UCF-101/BaseballPitch/v_BaseballPitch_g02_c01.avi,BaseballPitch,Turning [something] upside down,0.3635784685611725,Spinning [something] that quickly stops spinning,0.09375891089439392,Pretending to pick [something] up,0.0906691774725914,276.97541599627584,0.8074390097610067
data/UCF-101/BaseballPitch/v_BaseballPitch_g02_c02.avi,BaseballPitch,Throwing [something] in the air and letting it fall,0.21717536449432373,Turning [something] upside down,0.17693838477134705,Throwing [something] in the air and catching it,0.11022524535655975,275.6849589932244,0.8811587022255573
data/UCF-101/BaseballPitch/v_BaseballPitch_g02_c03.avi,BaseballPitch,Pretending to pick [something] up,0.17723707854747772,Turning [something] upside down,0.14543920755386353,Spinning [something] that quickly stops spinning,0.12765853106975555,276.1804579931777,0.8498456894288222
data/UCF-101/BaseballPitch/v_BaseballPitch_g02_c04.avi,BaseballPitch,Pretending to pick [something] up,0.42114514112472534,Turning [something] upside down,0.09632439911365509,Spinning [something] that quickly stops spinning,0.08538993448019028,276.80799999507144,0.799703524309983
data/UCF-101/Basketball/v_Basketball_g01_c01.avi,Basketball,Throwing [something],0.5743471384048462,Throwing [something] against [something],0.1097717434167862,Throwing [something] in the air and letting it fall,0.10257957130670547,276.4567919948604,0.7945977854636589
data/UCF-101/Basketball/v_Basketball_g01_c02.avi,Basketball,Throwing [something],0.38346990942955017,Throwing [something] in the air and letting it fall,0.323579877614975,Throwing [something] in the air and catching it,0.1383817195892334,275.1239580102265,1.006334802181361
data/UCF-101/Basketball/v_Basketball_g01_c03.avi,Basketball,Throwing [something] in the air and catching it,0.39373552799224854,Throwing [something] in the air and letting it fall,0.3360310196876526,Throwing [something],0.15823906660079956,276.4150839939248,1.0251877961831004
data/UCF-101/Basketball/v_Basketball_g01_c04.avi,Basketball,Throwing [something],0.40591248869895935,Throwing [something] against [something],0.26456892490386963,Throwing [something] in the air and letting it fall,0.14800408482551575,277.1621659921948,1.0005269539258255
data/UCF-101/Basketball/v_Basketball_g01_c05.avi,Basketball,Throwing [something],0.3930356800556183,Throwing [something] in the air and letting it fall,0.3058411777019501,Throwing [something] against [something],0.09648053348064423,276.6590420214925,0.9549765028679869
data/UCF-101/Basketball/v_Basketball_g01_c06.avi,Basketball,Throwing [something],0.4193967282772064,Throwing [something] in the air and letting it fall,0.28214648365974426,Throwing [something] in the air and catching it,0.08882121741771698,275.37620801012963,0.936485526370552
data/UCF-101/Basketball/v_Basketball_g01_c07.avi,Basketball,Throwing [something],0.4808495044708252,Throwing [something] in the air and letting it fall,0.07018352299928665,Throwing [something] in the air and catching it,0.06674113869667053,278.0373329878785,0.7191947731361362
data/UCF-101/Basketball/v_Basketball_g02_c01.avi,Basketball,Throwing [something],0.415865033864975,Throwing [something] against [something],0.1819579303264618,Throwing [something] in the air and letting it fall,0.15513473749160767,276.5987500024494,0.9640179036193032
data/UCF-101/Basketball/v_Basketball_g02_c02.avi,Basketball,Throwing [something],0.4533175528049469,Throwing [something] in the air and letting it fall,0.1219845712184906,Dropping [something] behind [something],0.09098394960165024,275.40887499344535,0.8333814419930453
data/UCF-101/Basketball/v_Basketball_g02_c03.avi,Basketball,Throwing [something] in the air and letting it fall,0.4397346079349518,Throwing [something],0.2108389288187027,Throwing [something] against [something],0.16128917038440704,277.195208997,0.983764763928379
data/UCF-101/BasketballDunk/v_BasketballDunk_g01_c01.avi,BasketballDunk,Throwing [something] in the air and catching it,0.18643654882907867,Taking [one of many similar things on the table],0.13630002737045288,Spinning [something] so it continues spinning,0.08337035775184631,276.81825001491234,0.7919132223071126
data/UCF-101/BasketballDunk/v_BasketballDunk_g01_c02.avi,BasketballDunk,Throwing [something] in the air and catching it,0.4043520390987396,Approaching [something] with your camera,0.22597326338291168,Moving [something] towards the camera,0.1001705676317215,275.78974998323247,0.9327076943162665
data/UCF-101/BasketballDunk/v_BasketballDunk_g01_c03.avi,BasketballDunk,Throwing [something] in the air and catching it,0.7056244015693665,Moving [something] towards the camera,0.03587543964385986,Sprinkling [something] onto [something],0.034901686012744904,276.97904099477455,0.4825172313225686
data/UCF-101/BasketballDunk/v_BasketballDunk_g01_c04.avi,BasketballDunk,Throwing [something] in the air and catching it,0.6234716176986694,Throwing [something],0.06041724234819412,Throwing [something] onto a surface,0.04890946298837662,277.0712499914225,0.6117184757470093
data/UCF-101/BasketballDunk/v_BasketballDunk_g01_c05.avi,BasketballDunk,Throwing [something] in the air and catching it,0.7827955484390259,Throwing [something],0.05971886217594147,Throwing [something] onto a surface,0.0267834160476923,276.4729580085259,0.45694328508426024
data/UCF-101/BasketballDunk/v_BasketballDunk_g01_c06.avi,BasketballDunk,Throwing [something] in the air and catching it,0.5614035725593567,Putting [something similar to other things that are already on the table],0.08181612193584442,Sprinkling [something] onto [something],0.08011678606271744,276.9546670024283,0.7311519752014779
data/UCF-101/BasketballDunk/v_BasketballDunk_g01_c07.avi,BasketballDunk,Showing [something] to the camera,0.13768915832042694,Moving [something] towards the camera,0.09394556283950806,Moving [part] of [something],0.07605462521314621,277.68620901042596,0.6911288749849139
data/UCF-101/BasketballDunk/v_BasketballDunk_g02_c01.avi,BasketballDunk,Throwing [something] in the air and catching it,0.39668700098991394,Spinning [something] so it continues spinning,0.11178256571292877,Throwing [something],0.09797067195177078,277.3943330103066,0.839312189784216
data/UCF-101/BasketballDunk/v_BasketballDunk_g02_c02.avi,BasketballDunk,Throwing [something] in the air and catching it,0.5234454274177551,Throwing [something],0.18958668410778046,Hitting [something] with [something],0.0429370142519474,276.9067079934757,0.7892700144408201
data/UCF-101/BasketballDunk/v_BasketballDunk_g02_c03.avi,BasketballDunk,Throwing [something] in the air and catching it,0.42260950803756714,Throwing [something] in the air and letting it fall,0.23186129331588745,Throwing [something],0.12631326913833618,276.55570799834095,0.9642294720162827
data/UCF-101/BenchPress/v_BenchPress_g01_c01.avi,BenchPress,Hitting [something] with [something],0.8471482992172241,Lifting [something] up completely without letting it drop down,0.013656819239258766,Moving [part] of [something],0.012234212830662727,278.02058300585486,0.25303390995106506
data/UCF-101/BenchPress/v_BenchPress_g01_c02.avi,BenchPress,Hitting [something] with [something],0.771755576133728,Moving [part] of [something],0.0263421218842268,Lifting [something] up completely without letting it drop down,0.015696601942181587,277.590291982051,0.3609560968173645
data/UCF-101/BenchPress/v_BenchPress_g01_c03.avi,BenchPress,Hitting [something] with [something],0.5975028872489929,Moving [part] of [something],0.09936808794736862,Showing [something] behind [something],0.02650461345911026,276.7230409954209,0.6333683985759428
data/UCF-101/BenchPress/v_BenchPress_g01_c04.avi,BenchPress,Hitting [something] with [something],0.7289364337921143,Moving [part] of [something],0.07528822869062424,Trying but failing to attach [something] to [something] because it doesn't stick,0.01684560813009739,278.28979201149195,0.49398658907507476
data/UCF-101/BenchPress/v_BenchPress_g01_c05.avi,BenchPress,Hitting [something] with [something],0.504011869430542,Moving [part] of [something],0.07330382615327835,Showing [something] behind [something],0.04400874674320221,278.35195799707435,0.6743352876580377
data/UCF-101/BenchPress/v_BenchPress_g01_c06.avi,BenchPress,Hitting [something] with [something],0.8254490494728088,Pretending to put [something] onto [something],0.024527739733457565,Pretending to put [something] on a surface,0.012750291265547276,277.52937498735264,0.3049110058360214
data/UCF-101/BenchPress/v_BenchPress_g02_c01.avi,BenchPress,Lifting [something] up completely without letting it drop down,0.31753912568092346,Moving [something] up,0.11645766347646713,Pretending to put [something] on a surface,0.10132676362991333,277.48229101416655,0.8466547901205148
data/UCF-101/BenchPress/v_BenchPress_g02_c02.avi,BenchPress,Lifting [something] up completely without letting it drop down,0.42346838116645813,Moving [something] up,0.10684334486722946,Trying to bend [something unbendable] so nothing happens,0.07258237153291702,279.890957986936,0.7932059255736492
data/UCF-101/BenchPress/v_BenchPress_g02_c03.avi,BenchPress,Lifting [something] up completely without letting it drop down,0.5315538644790649,Moving [something] up,0.0996537059545517,Holding [something] over [something],0.05692289024591446,277.8560830047354,0.7288669799394163
data/UCF-101/BenchPress/v_BenchPress_g02_c04.avi,BenchPress,Lifting [something] up completely without letting it drop down,0.22813735902309418,Pretending to put [something] on a surface,0.12434389442205429,Moving [something] up,0.12102091312408447,277.93550002388656,0.8519342981843143
data/UCF-101/Biking/v_Biking_g01_c01.avi,Biking,Moving [something] towards the camera,0.25221049785614014,Moving [part] of [something],0.1262480914592743,Spinning [something] so it continues spinning,0.1075432226061821,278.8473340042401,0.8484955660208124
data/UCF-101/Biking/v_Biking_g01_c02.avi,Biking,Letting [something] roll down a slanted surface,0.3557397425174713,Spinning [something] so it continues spinning,0.24748314917087555,Approaching [something] with your camera,0.16305260360240936,287.71729199797846,1.0089911728902385
data/UCF-101/Biking/v_Biking_g01_c03.avi,Biking,Approaching [something] with your camera,0.28711849451065063,Turning the camera left while filming [something],0.20635442435741425,Letting [something] roll down a slanted surface,0.20541910827159882,292.9512500122655,1.00906150857512
data/UCF-101/Biking/v_Biking_g01_c04.avi,Biking,Letting [something] roll down a slanted surface,0.734076201915741,Rolling [something] on a flat surface,0.11568459868431091,Letting [something] roll along a flat surface,0.050672128796577454,292.6039580197539,0.6275763079336201
data/UCF-101/Biking/v_Biking_g02_c01.avi,Biking,Spinning [something] so it continues spinning,0.1435696929693222,Showing [something] behind [something],0.132379949092865,Pushing [something] with [something],0.0972740426659584,292.8895829827525,0.773012346391146
data/UCF-101/Biking/v_Biking_g02_c02.avi,Biking,Pushing [something] with [something],0.5140936970710754,Moving [part] of [something],0.1350511759519577,Pushing [something] so that it slightly moves,0.07739841192960739,289.4770000129938,0.8104844745360211
data/UCF-101/Biking/v_Biking_g02_c03.avi,Biking,Pushing [something] with [something],0.3680335581302643,Moving [part] of [something],0.08336061239242554,Rolling [something] on a flat surface,0.08041563630104065,278.0921660014428,0.7776868270446333
data/UCF-101/Biking/v_Biking_g02_c04.avi,Biking,Showing [something] behind [something],0.2877659499645233,Pushing [something] with [something],0.19375942647457123,Moving [part] of [something],0.1676923930644989,279.87495897104964,0.9758650190442534
data/UCF-101/Biking/v_Biking_g02_c05.avi,Biking,Showing [something] behind [something],0.2947222888469696,Letting [something] roll down a slanted surface,0.162667915225029,Pushing [something] with [something],0.12943699955940247,278.95216600154527,0.9201226456565836
data/UCF-101/Biking/v_Biking_g02_c06.avi,Biking,Showing [something] behind [something],0.2664446234703064,Moving [part] of [something],0.1463402360677719,Pushing [something] from right to left,0.12923233211040497,277.85545799997635,0.8980643165787101
data/UCF-101/Billiards/v_Billiards_g01_c01.avi,Billiards,Hitting [something] with [something],0.4084470272064209,Sprinkling [something] onto [something],0.24801257252693176,[Something] colliding with [something] and both are being deflected,0.1891956925392151,280.0599579932168,1.0265243598844846
data/UCF-101/Billiards/v_Billiards_g01_c02.avi,Billiards,Hitting [something] with [something],0.4963943064212799,[Something] colliding with [something] and both are being deflected,0.22091306746006012,Wiping [something] off of [something],0.12772847712039948,279.24216698738746,0.9440884774128646
data/UCF-101/Billiards/v_Billiards_g01_c03.avi,Billiards,[Something] colliding with [something] and both are being deflected,0.2509085237979889,Sprinkling [something] onto [something],0.09478522092103958,Wiping [something] off of [something],0.09374604374170303,279.2370000097435,0.7921627478877065
data/UCF-101/Billiards/v_Billiards_g01_c04.avi,Billiards,Hitting [something] with [something],0.6432082653045654,[Something] colliding with [something] and both are being deflected,0.15172617137432098,Sprinkling [something] onto [something],0.06850583851337433,277.35770799336024,0.7535988846481667
data/UCF-101/Billiards/v_Billiards_g01_c05.avi,Billiards,[Something] colliding with [something] and both are being deflected,0.6311951875686646,Hitting [something] with [something],0.2401025891304016,Sprinkling [something] onto [something],0.03606520593166351,277.49462498468347,0.7528139618857645
data/UCF-101/Billiards/v_Billiards_g01_c06.avi,Billiards,[Something] colliding with [something] and both are being deflected,0.28804972767829895,Sprinkling [something] onto [something],0.126223623752594,Hitting [something] with [something],0.05924971029162407,280.6391659833025,0.7871974728070827
data/UCF-101/Billiards/v_Billiards_g02_c01.avi,Billiards,[Something] colliding with [something] and both are being deflected,0.27714771032333374,Hitting [something] with [something],0.2617942988872528,Sprinkling [something] onto [something],0.1864287555217743,276.6847080201842,1.0196384812933117
data/UCF-101/Billiards/v_Billiards_g02_c02.avi,Billiards,Showing [something] to the camera,0.2105133980512619,Showing a photo of [something] to the camera,0.10375873744487762,Turning the camera upwards while filming [something],0.10139983892440796,279.2550419981126,0.7951802144363738
data/UCF-101/Billiards/v_Billiards_g02_c03.avi,Billiards,[Something] colliding with [something] and both are being deflected,0.32421547174453735,Hitting [something] with [something],0.2630293369293213,Wiping [something] off of [something],0.1707770675420761,279.0883340057917,1.018282831022494
data/UCF-101/Billiards/v_Billiards_g02_c04.avi,Billiards,Hitting [something] with [something],0.6021497249603271,Wiping [something] off of [something],0.10096389800310135,[Something] colliding with [something] and both are being deflected,0.05147508159279823,277.90187500067987,0.6896583087453771
data/UCF-101/BlowDryHair/v_BlowDryHair_g01_c01.avi,BlowDryHair,Twisting [something],0.36445802450180054,Failing to put [something] into [something] because [something] does not fit,0.08865351229906082,Spreading [something] onto [something],0.08833467215299606,277.5542500021402,0.7970275919415701
data/UCF-101/BlowDryHair/v_BlowDryHair_g01_c02.avi,BlowDryHair,Twisting [something],0.2368137538433075,Failing to put [something] into [something] because [something] does not fit,0.18964189291000366,Squeezing [something],0.09933246672153473,278.015999996569,0.8858145191432608
data/UCF-101/BlowDryHair/v_BlowDryHair_g01_c03.avi,BlowDryHair,Twisting [something],0.477477490901947,Stuffing [something] into [something],0.40908756852149963,Putting [something] into [something],0.01713503897190094,277.05104200867936,0.7883046122039058
data/UCF-101/BlowDryHair/v_BlowDryHair_g01_c04.avi,BlowDryHair,Putting [something] into [something],0.45687136054039,Stuffing [something] into [something],0.1295972764492035,Pretending to put [something] into [something],0.05147256702184677,276.51379199232906,0.7754048902796742
data/UCF-101/BlowDryHair/v_BlowDryHair_g02_c01.avi,BlowDryHair,Twisting [something],0.44465407729148865,Spreading [something] onto [something],0.0660947635769844,Stacking [number of] [something],0.061885394155979156,277.45745799620636,0.7121254451287558
data/UCF-101/BlowDryHair/v_BlowDryHair_g02_c02.avi,BlowDryHair,Twisting [something],0.3815900385379791,Hitting [something] with [something],0.20705340802669525,Sprinkling [something] onto [something],0.03483530133962631,279.9068750173319,0.8106367484478944
data/UCF-101/BlowDryHair/v_BlowDryHair_g02_c03.avi,BlowDryHair,Hitting [something] with [something],0.5782967805862427,Wiping [something] off of [something],0.1325741410255432,Spreading [something] onto [something],0.10010939091444016,281.4098329981789,0.8149966921506413
data/UCF-101/BlowDryHair/v_BlowDryHair_g02_c04.avi,BlowDryHair,Stuffing [something] into [something],0.6672143936157227,Piling [something] up,0.06654049456119537,Putting [something] onto [something],0.05554912984371185,277.29399999952875,0.6108693177763086
data/UCF-101/BlowDryHair/v_BlowDryHair_g02_c05.avi,BlowDryHair,Twisting [something],0.18335376679897308,Stuffing [something] into [something],0.1670423150062561,Spreading [something] onto [something],0.1459939330816269,278.15654198639095,0.8908736079137405
data/UCF-101/BlowDryHair/v_BlowDryHair_g03_c01.avi,BlowDryHair,Putting [something] into [something],0.2574608623981476,Piling [something] up,0.11960460245609283,Stuffing [something] into [something],0.10470771789550781,277.01429100125097,0.8396150626499427
data/UCF-101/BlowingCandles/v_BlowingCandles_g01_c01.avi,BlowingCandles,Opening [something],0.1209372729063034,Pouring [something] into [something],0.08450890332460403,Squeezing [something],0.07994105666875839,275.3164579917211,0.6662592169328504
data/UCF-101/BlowingCandles/v_BlowingCandles_g01_c02.avi,BlowingCandles,Moving [part] of [something],0.271610826253891,Pushing [something] so that it slightly moves,0.05879933387041092,Poking [something] so it slightly moves,0.0519680418074131,277.92191700427793,0.6743047953956467
data/UCF-101/BlowingCandles/v_BlowingCandles_g01_c03.avi,BlowingCandles,Pouring [something] into [something],0.07295913249254227,Pushing [something] so it spins,0.04997841641306877,Moving [part] of [something],0.03970085456967354,278.8005830079783,0.46883016856050086
data/UCF-101/BlowingCandles/v_BlowingCandles_g01_c04.avi,BlowingCandles,Sprinkling [something] onto [something],0.8279410004615784,Pouring [something] onto [something],0.05106186866760254,Pouring [something] into [something],0.0456225611269474,277.7365420188289,0.4490739106482461
data/UCF-101/BlowingCandles/v_BlowingCandles_g02_c01.avi,BlowingCandles,Spilling [something] behind [something],0.20750290155410767,Pouring [something] onto [something],0.14109624922275543,Sprinkling [something] onto [something],0.0982842966914177,278.0903750099242,0.8306406047501647
data/UCF-101/BlowingCandles/v_BlowingCandles_g02_c02.avi,BlowingCandles,Showing [something] behind [something],0.1502304971218109,Pushing [something] from left to right,0.10870897769927979,Holding [something],0.08160524070262909,282.4902920110617,0.730500074648029
data/UCF-101/BlowingCandles/v_BlowingCandles_g02_c03.avi,BlowingCandles,Pouring [something] onto [something],0.41734030842781067,Spilling [something] behind [something],0.189171701669693,Sprinkling [something] onto [something],0.09684991091489792,279.4187499966938,0.9057891507588764
data/UCF-101/BlowingCandles/v_BlowingCandles_g02_c04.avi,BlowingCandles,Pouring [something] into [something],0.4079605042934418,Sprinkling [something] onto [something],0.17136217653751373,Pouring [something] onto [something],0.0936083197593689,277.33720900141634,0.889774031760785
data/UCF-101/BlowingCandles/v_BlowingCandles_g03_c01.avi,BlowingCandles,Spinning [something] so it continues spinning,0.5605499744415283,Sprinkling [something] onto [something],0.10378976166248322,Pushing [something] so it spins,0.10253626853227615,280.7177080248948,0.7931213933200483
data/UCF-101/BlowingCandles/v_BlowingCandles_g03_c02.avi,BlowingCandles,Moving [part] of [something],0.13805732131004333,Showing [something] behind [something],0.11198031902313232,Holding [something] behind [something],0.09099339693784714,279.0865409770049,0.7366470128494816
data/UCF-101/BodyWeightSquats/v_BodyWeightSquats_g01_c01.avi,BodyWeightSquats,Hitting [something] with [something],0.15764778852462769,Throwing [something] in the air and catching it,0.1485213339328766,Throwing [something] in the air and letting it fall,0.14625470340251923,278.0754160194192,0.8556322608952158
data/UCF-101/BodyWeightSquats/v_BodyWeightSquats_g01_c02.avi,BodyWeightSquats,Throwing [something] in the air and catching it,0.3006795346736908,Throwing [something] in the air and letting it fall,0.13642248511314392,Hitting [something] with [something],0.13198307156562805,279.7040829900652,0.9003595826974569
data/UCF-101/BodyWeightSquats/v_BodyWeightSquats_g01_c03.avi,BodyWeightSquats,Hitting [something] with [something],0.21415475010871887,Throwing [something] in the air and catching it,0.20967771112918854,Pretending to throw [something],0.15815263986587524,279.57454102579504,0.9492438861185579
data/UCF-101/BodyWeightSquats/v_BodyWeightSquats_g01_c04.avi,BodyWeightSquats,Pretending to turn [something] upside down,0.17155562341213226,Pretending to pick [something] up,0.08519043028354645,Throwing [something] in the air and letting it fall,0.08138003200292587,278.98883301531896,0.7163910806734305
data/UCF-101/BodyWeightSquats/v_BodyWeightSquats_g02_c01.avi,BodyWeightSquats,Squeezing [something],0.18217480182647705,Trying to bend [something unbendable] so nothing happens,0.15897002816200256,Pretending to pick [something] up,0.14552663266658783,279.16604198981076,0.8830448264801994
data/UCF-101/BodyWeightSquats/v_BodyWeightSquats_g02_c02.avi,BodyWeightSquats,Pretending to put [something] on a surface,0.2880714237689972,Pretending to pick [something] up,0.08320429921150208,Squeezing [something],0.07910139113664627,281.5172499977052,0.7660844200487722
data/UCF-101/BodyWeightSquats/v_BodyWeightSquats_g02_c03.avi,BodyWeightSquats,Pretending to put [something] on a surface,0.19056512415409088,Pretending to pick [something] up,0.09557683765888214,Moving [part] of [something],0.08957676589488983,279.3668750091456,0.7564273691246252
data/UCF-101/BodyWeightSquats/v_BodyWeightSquats_g02_c04.avi,BodyWeightSquats,Squeezing [something],0.223578542470932,Moving [part] of [something],0.20134679973125458,Moving [something] down,0.058722395449876785,279.4882080052048,0.8240969510022493
data/UCF-101/BodyWeightSquats/v_BodyWeightSquats_g03_c01.avi,BodyWeightSquats,Throwing [something] in the air and letting it fall,0.14982399344444275,Throwing [something] in the air and catching it,0.14827385544776917,Pretending to sprinkle air onto [something],0.09121985733509064,280.69683400099166,0.7858438315568321
data/UCF-101/BodyWeightSquats/v_BodyWeightSquats_g03_c02.avi,BodyWeightSquats,Pretending to pick [something] up,0.8970613479614258,Pretending to take [something] from [somewhere],0.019737815484404564,Pretending to open [something] without actually opening it,0.017227618023753166,280.1796249987092,0.24488945878523766
data/UCF-101/Bowling/v_Bowling_g01_c01.avi,Bowling,Throwing [something] onto a surface,0.30260246992111206,Throwing [something] in the air and letting it fall,0.2002202421426773,Throwing [something] against [something],0.19246748089790344,279.15629200288095,1.0008864212509123
data/UCF-101/Bowling/v_Bowling_g01_c02.avi,Bowling,Throwing [something] in the air and letting it fall,0.7685895562171936,Throwing [something] onto a surface,0.08950907737016678,Throwing [something],0.04543786495923996,278.31399999558926,0.5587809970565576
data/UCF-101/Bowling/v_Bowling_g01_c03.avi,Bowling,Throwing [something] onto a surface,0.3266087770462036,Throwing [something],0.28289902210235596,Throwing [something] in the air and letting it fall,0.19838806986808777,278.45650000381283,1.0435781461567921
data/UCF-101/Bowling/v_Bowling_g01_c04.avi,Bowling,Throwing [something],0.42379361391067505,Throwing [something] against [something],0.22891294956207275,Throwing [something] onto a surface,0.14015738666057587,278.1810000014957,0.9767506085088289
data/UCF-101/Bowling/v_Bowling_g01_c05.avi,Bowling,Throwing [something] in the air and letting it fall,0.43480074405670166,Throwing [something] in the air and catching it,0.20688112080097198,Throwing [something] against [something],0.12427312880754471,278.18191700498573,0.9472389891427572
data/UCF-101/Bowling/v_Bowling_g01_c06.avi,Bowling,Throwing [something] in the air and letting it fall,0.4987589716911316,Throwing [something] onto a surface,0.1964331418275833,Throwing [something],0.11879996210336685,280.1437499874737,0.9197159136639333
data/UCF-101/Bowling/v_Bowling_g01_c07.avi,Bowling,Throwing [something] in the air and letting it fall,0.3833843767642975,Throwing [something],0.17689085006713867,Throwing [something] against [something],0.12281041592359543,279.17908399831504,0.9315188632720843
data/UCF-101/Bowling/v_Bowling_g02_c01.avi,Bowling,Throwing [something] in the air and catching it,0.22640280425548553,Spinning [something] so it continues spinning,0.14589080214500427,Letting [something] roll along a flat surface,0.07416272908449173,277.51670900033787,0.8100662886213562
data/UCF-101/Bowling/v_Bowling_g02_c02.avi,Bowling,Letting [something] roll down a slanted surface,0.32763591408729553,Throwing [something] onto a surface,0.214848592877388,Letting [something] roll along a flat surface,0.15426161885261536,278.56420798343606,0.9843233304085657
data/UCF-101/Bowling/v_Bowling_g02_c03.avi,Bowling,Letting [something] roll along a flat surface,0.4316519796848297,Letting [something] roll down a slanted surface,0.23693124949932098,Rolling [something] on a flat surface,0.11624455451965332,278.0708329810295,0.9539888597207165
data/UCF-101/BoxingPunchingBag/v_BoxingPunchingBag_g01_c01.avi,BoxingPunchingBag,Hitting [something] with [something],0.34593454003334045,Moving [part] of [something],0.133154034614563,Twisting [something],0.11950681358575821,279.3558749835938,0.889561245466947
data/UCF-101/BoxingPunchingBag/v_BoxingPunchingBag_g01_c02.avi,BoxingPunchingBag,Twisting [something],0.2591833472251892,Hitting [something] with [something],0.16478939354419708,Moving [part] of [something],0.07259008288383484,278.3540840027854,0.8374825285288512
data/UCF-101/BoxingPunchingBag/v_BoxingPunchingBag_g01_c03.avi,BoxingPunchingBag,Hitting [something] with [something],0.293918251991272,Twisting [something],0.13157930970191956,Spinning [something] so it continues spinning,0.07991983741521835,280.84387502167374,0.8286871918898063
data/UCF-101/BoxingPunchingBag/v_BoxingPunchingBag_g01_c04.avi,BoxingPunchingBag,Hitting [something] with [something],0.37849462032318115,Twisting [something],0.22605453431606293,Pushing [something] so it spins,0.07268520444631577,279.50849998160265,0.8944188880462997
data/UCF-101/BoxingPunchingBag/v_BoxingPunchingBag_g01_c05.avi,BoxingPunchingBag,Twisting [something],0.29079121351242065,Hitting [something] with [something],0.07581092417240143,Moving [part] of [something],0.06437265872955322,278.00904199830256,0.7313044193577393
data/UCF-101/BoxingPunchingBag/v_BoxingPunchingBag_g01_c06.avi,BoxingPunchingBag,Hitting [something] with [something],0.7213600277900696,Twisting [something],0.06332799792289734,Moving [part] of [something],0.016999654471874237,279.64195801177993,0.4796235759872487
data/UCF-101/BoxingPunchingBag/v_BoxingPunchingBag_g01_c07.avi,BoxingPunchingBag,Spinning [something] so it continues spinning,0.21494942903518677,Hitting [something] with [something],0.1621343195438385,Pushing [something] so it spins,0.13041245937347412,279.65091602527536,0.8910859996541725
data/UCF-101/BoxingPunchingBag/v_BoxingPunchingBag_g02_c01.avi,BoxingPunchingBag,Spinning [something] so it continues spinning,0.5445452332496643,Twisting [something],0.15994493663311005,Pushing [something] so it spins,0.14961498975753784,278.28279201639816,0.9083661988770748
data/UCF-101/BoxingPunchingBag/v_BoxingPunchingBag_g02_c02.avi,BoxingPunchingBag,Spinning [something] so it continues spinning,0.5030674338340759,Pushing [something] so it spins,0.22356003522872925,Twisting [something],0.14525945484638214,278.790458018193,0.9607721620912617
data/UCF-101/BoxingPunchingBag/v_BoxingPunchingBag_g02_c03.avi,BoxingPunchingBag,Spinning [something] so it continues spinning,0.4008331894874573,Twisting [something],0.33842596411705017,Pushing [something] so it spins,0.16251511871814728,278.64433400100097,1.0284006761009445
data/UCF-101/BoxingSpeedBag/v_BoxingSpeedBag_g01_c01.avi,BoxingSpeedBag,Spinning [something] so it continues spinning,0.4854107201099396,Pushing [something] so it spins,0.21917644143104553,Hitting [something] with [something],0.16127339005470276,280.7580000080634,0.9777867283932371
data/UCF-101/BoxingSpeedBag/v_BoxingSpeedBag_g01_c02.avi,BoxingSpeedBag,Spinning [something] so it continues spinning,0.2703515291213989,Hitting [something] with [something],0.25190919637680054,Pushing [something] so it spins,0.21643412113189697,277.47270799591206,1.0321780652284105
data/UCF-101/BoxingSpeedBag/v_BoxingSpeedBag_g01_c03.avi,BoxingSpeedBag,Spinning [something] so it continues spinning,0.3067997694015503,Pushing [something] so it spins,0.2270490527153015,Twisting [something],0.19719047844409943,278.8814590021502,1.0192783222229553
data/UCF-101/BoxingSpeedBag/v_BoxingSpeedBag_g01_c04.avi,BoxingSpeedBag,Spinning [something] so it continues spinning,0.23727421462535858,Hitting [something] with [something],0.22740188241004944,Pushing [something] so it spins,0.21798105537891388,279.1169580013957,1.0101794427371042
data/UCF-101/BoxingSpeedBag/v_BoxingSpeedBag_g02_c01.avi,BoxingSpeedBag,Spinning [something] so it continues spinning,0.7746536135673523,Pushing [something] so it spins,0.17495763301849365,Twisting [something],0.028783613815903664,279.4501250027679,0.6049104512338581
data/UCF-101/BoxingSpeedBag/v_BoxingSpeedBag_g02_c02.avi,BoxingSpeedBag,Spinning [something] so it continues spinning,0.6161801218986511,Pushing [something] so it spins,0.271175742149353,Twisting [something],0.0648307055234909,279.0120829886291,0.8296206310287764
data/UCF-101/BoxingSpeedBag/v_BoxingSpeedBag_g02_c03.avi,BoxingSpeedBag,Spinning [something] so it continues spinning,0.33366674184799194,Twisting [something],0.2733328342437744,Pushing [something] so it spins,0.2621510326862335,278.83012499660254,1.07174411634382
data/UCF-101/BoxingSpeedBag/v_BoxingSpeedBag_g02_c04.avi,BoxingSpeedBag,Spinning [something] so it continues spinning,0.4671035408973694,Pushing [something] so it spins,0.27167993783950806,Hitting [something] with [something],0.11865975707769394,279.36025001690723,0.9625183663514112
data/UCF-101/BoxingSpeedBag/v_BoxingSpeedBag_g03_c01.avi,BoxingSpeedBag,Spinning [something] so it continues spinning,0.676337480545044,Pushing [something] so it spins,0.25569552183151245,Twisting [something],0.020351536571979523,278.73658400494605,0.6924610473864881
data/UCF-101/BoxingSpeedBag/v_BoxingSpeedBag_g03_c02.avi,BoxingSpeedBag,Spinning [something] so it continues spinning,0.646075427532196,Pushing [something] so it spins,0.2504254877567291,Twisting [something],0.03760649263858795,278.4532920049969,0.7523396026936338
data/UCF-101/BreastStroke/v_BreastStroke_g01_c01.avi,BreastStroke,Sprinkling [something] onto [something],0.28445401787757874,Pouring [something] onto [something],0.06645365059375763,Hitting [something] with [something],0.06292907893657684,279.2792500113137,0.7118293471549035
data/UCF-101/BreastStroke/v_BreastStroke_g01_c02.avi,BreastStroke,Hitting [something] with [something],0.15462206304073334,Sprinkling [something] onto [something],0.1354367434978485,Pouring [something] onto [something],0.08304648101329803,277.75275000021793,0.7660651510394418
data/UCF-101/BreastStroke/v_BreastStroke_g01_c03.avi,BreastStroke,Sprinkling [something] onto [something],0.12128423899412155,Showing that [something] is inside [something],0.1084308847784996,Pouring [something] onto [something],0.06580784916877747,278.359208983602,0.6758223255415887
data/UCF-101/BreastStroke/v_BreastStroke_g01_c04.avi,BreastStroke,Pulling [something] from right to left,0.09944324940443039,Showing that [something] is inside [something],0.0906047448515892,Digging [something] out of [something],0.08274779468774796,281.20287499041297,0.6533002885998601
data/UCF-101/BreastStroke/v_BreastStroke_g02_c01.avi,BreastStroke,Spreading [something] onto [something],0.3284417390823364,Hitting [something] with [something],0.05235676094889641,Twisting [something],0.042426351457834244,279.3852499744389,0.6541877034558081
data/UCF-101/BreastStroke/v_BreastStroke_g02_c02.avi,BreastStroke,Twisting [something],0.14849866926670074,Showing that [something] is inside [something],0.11417206376791,Digging [something] out of [something],0.0849863812327385,279.9800829961896,0.7404864044163751
data/UCF-101/BreastStroke/v_BreastStroke_g02_c03.avi,BreastStroke,Showing [something] to the camera,0.14132735133171082,Spreading [something] onto [something],0.09064582735300064,Pouring [something] out of [something],0.06926826387643814,279.2605840077158,0.6790842052381779
data/UCF-101/BreastStroke/v_BreastStroke_g02_c04.avi,BreastStroke,Digging [something] out of [something],0.40949979424476624,Spreading [something] onto [something],0.09521478414535522,Twisting [something],0.03430284187197685,279.42637499654666,0.7052054053498718
data/UCF-101/BreastStroke/v_BreastStroke_g03_c01.avi,BreastStroke,Turning the camera left while filming [something],0.5620762705802917,Showing a photo of [something] to the camera,0.07635082304477692,Approaching [something] with your camera,0.07537679374217987,278.3679580024909,0.715096511997592
data/UCF-101/BreastStroke/v_BreastStroke_g03_c02.avi,BreastStroke,Spinning [something] so it continues spinning,0.24409273266792297,Moving [part] of [something],0.08158529549837112,Spilling [something] onto [something],0.07431728392839432,279.99166600056924,0.7418639354284062
data/UCF-101/BrushingTeeth/v_BrushingTeeth_g01_c01.avi,BrushingTeeth,Scooping [something] up with [something],0.14177560806274414,Poking a hole into [something soft],0.12353029102087021,Pouring [something] into [something],0.12051834911108017,279.33779198792763,0.7903062723090346
data/UCF-101/BrushingTeeth/v_BrushingTeeth_g01_c02.avi,BrushingTeeth,Trying to bend [something unbendable] so nothing happens,0.46414655447006226,Poking a hole into [some substance],0.3831278681755066,Poking a hole into [something soft],0.07203768938779831,278.33520801505074,0.9133255577548549
data/UCF-101/BrushingTeeth/v_BrushingTeeth_g01_c03.avi,BrushingTeeth,Trying to bend [something unbendable] so nothing happens,0.7356544137001038,Pulling two ends of [something] but nothing happens,0.06449750065803528,Squeezing [something],0.057166773825883865,278.5548329993617,0.5662369175514175
data/UCF-101/BrushingTeeth/v_BrushingTeeth_g01_c04.avi,BrushingTeeth,Poking a hole into [something soft],0.2644789218902588,Poking a hole into [some substance],0.2204037308692932,Squeezing [something],0.11936333775520325,278.6449999839533,0.9387873083481395
data/UCF-101/BrushingTeeth/v_BrushingTeeth_g02_c01.avi,BrushingTeeth,Poking a hole into [some substance],0.1786201447248459,Plugging [something] into [something],0.11683196574449539,Trying but failing to attach [something] to [something] because it doesn't stick,0.06430453807115555,279.6233750123065,0.7349721908300049
data/UCF-101/BrushingTeeth/v_BrushingTeeth_g02_c02.avi,BrushingTeeth,Poking a hole into [some substance],0.20935067534446716,Twisting [something],0.11789055168628693,Plugging [something] into [something],0.0991256982088089,278.7232499977108,0.8085366391372348
data/UCF-101/BrushingTeeth/v_BrushingTeeth_g02_c03.avi,BrushingTeeth,Pretending to open [something] without actually opening it,0.11437127739191055,Plugging [something] into [something],0.10505147278308868,Pretending or trying and failing to twist [something],0.10333530604839325,279.6554160013329,0.719252854418204
data/UCF-101/BrushingTeeth/v_BrushingTeeth_g02_c04.avi,BrushingTeeth,Twisting [something],0.15143544971942902,Trying but failing to attach [something] to [something] because it doesn't stick,0.1363305151462555,Pretending to close [something] without actually closing it,0.1276513785123825,280.2499160170555,0.8202753477395853
data/UCF-101/BrushingTeeth/v_BrushingTeeth_g02_c05.avi,BrushingTeeth,Pretending to close [something] without actually closing it,0.30879366397857666,Pretending to open [something] without actually opening it,0.24019135534763336,Twisting [something],0.12063046544790268,278.6450830171816,0.9605837081285868
data/UCF-101/BrushingTeeth/v_BrushingTeeth_g02_c06.avi,BrushingTeeth,Failing to put [something] into [something] because [something] does not fit,0.25927475094795227,Attaching [something] to [something],0.11071285605430603,Plugging [something] into [something],0.09547695517539978,280.89058300247416,0.8179079605113212
data/UCF-101/CleanAndJerk/v_CleanAndJerk_g01_c01.avi,CleanAndJerk,Lifting [something] up completely without letting it drop down,0.34096768498420715,"Lifting [something] up completely, then letting it drop down",0.18486575782299042,Moving [something] up,0.1489505022764206,279.0356669866014,0.9625695362464519
data/UCF-101/CleanAndJerk/v_CleanAndJerk_g01_c02.avi,CleanAndJerk,"Lifting [something] up completely, then letting it drop down",0.36852312088012695,Lifting [something] up completely without letting it drop down,0.1938055455684662,Moving [something] up,0.1852734386920929,279.94770801160485,0.9982510496231858
data/UCF-101/CleanAndJerk/v_CleanAndJerk_g01_c03.avi,CleanAndJerk,"Lifting [something] up completely, then letting it drop down",0.3019017279148102,Moving [something] up,0.11404132097959518,Lifting [something] up completely without letting it drop down,0.08664928376674652,279.530750005506,0.8211139238142817
data/UCF-101/CleanAndJerk/v_CleanAndJerk_g01_c04.avi,CleanAndJerk,"Lifting [something] up completely, then letting it drop down",0.38006114959716797,Lifting [something] up completely without letting it drop down,0.23729729652404785,Moving [something] up,0.10407430678606033,282.84145798534155,0.9445019691637301
data/UCF-101/CleanAndJerk/v_CleanAndJerk_g01_c05.avi,CleanAndJerk,Lifting [something] up completely without letting it drop down,0.3875386714935303,Moving [something] up,0.22707878053188324,"Lifting [something] up completely, then letting it drop down",0.11294680088758469,280.00266701565124,0.9503167999073673
data/UCF-101/CleanAndJerk/v_CleanAndJerk_g02_c01.avi,CleanAndJerk,Lifting [something] up completely without letting it drop down,0.9166496396064758,Moving [something] up,0.06350884586572647,"Lifting [something] up completely, then letting it drop down",0.017230359837412834,278.8259999942966,0.3248168493260317
data/UCF-101/CleanAndJerk/v_CleanAndJerk_g02_c02.avi,CleanAndJerk,Lifting [something] up completely without letting it drop down,0.8584803342819214,"Lifting [something] up completely, then letting it drop down",0.08468082547187805,Moving [something] up,0.048140376806259155,279.2499159986619,0.48610270956833235
data/UCF-101/CleanAndJerk/v_CleanAndJerk_g02_c03.avi,CleanAndJerk,Lifting [something] up completely without letting it drop down,0.9622505903244019,Moving [something] up,0.023426515981554985,"Lifting [something] up completely, then letting it drop down",0.010310601443052292,281.29716601688415,0.17213494772353205
data/UCF-101/CleanAndJerk/v_CleanAndJerk_g02_c04.avi,CleanAndJerk,Lifting [something] up completely without letting it drop down,0.912277340888977,Moving [something] up,0.026136932894587517,"Lifting [something] up completely, then letting it drop down",0.017858030274510384,282.48120899661444,0.2508948651332886
data/UCF-101/CleanAndJerk/v_CleanAndJerk_g03_c01.avi,CleanAndJerk,Lifting [something] up completely without letting it drop down,0.7324761152267456,Trying to bend [something unbendable] so nothing happens,0.1141660138964653,"Lifting [something] up completely, then letting it drop down",0.05030003935098648,279.43241599132307,0.6261741596312005
data/UCF-101/CliffDiving/v_CliffDiving_g01_c01.avi,CliffDiving,[Something] falling like a feather or paper,0.6635785102844238,Pulling [something] onto [something],0.06577906012535095,Moving [something] down,0.06049460545182228,280.2613329840824,0.6208531259830552
data/UCF-101/CliffDiving/v_CliffDiving_g01_c02.avi,CliffDiving,[Something] falling like a feather or paper,0.5978062748908997,Throwing [something] in the air and letting it fall,0.1099163368344307,Moving [something] down,0.04776519909501076,280.2747910027392,0.6955395218601191
data/UCF-101/CliffDiving/v_CliffDiving_g01_c03.avi,CliffDiving,Moving [something] down,0.35348159074783325,Moving away from [something] with your camera,0.10733035951852798,Turning the camera downwards while filming [something],0.09009873867034912,280.16000002389774,0.8239926033827347
data/UCF-101/CliffDiving/v_CliffDiving_g01_c04.avi,CliffDiving,[Something] falling like a feather or paper,0.5242029428482056,Moving [something] down,0.12883277237415314,Turning the camera downwards while filming [something],0.05755475163459778,281.9002080068458,0.7668994585160258
data/UCF-101/CliffDiving/v_CliffDiving_g01_c05.avi,CliffDiving,[Something] falling like a feather or paper,0.28802603483200073,Moving [something] down,0.15753209590911865,Throwing [something] in the air and letting it fall,0.09464585036039352,280.0027500197757,0.8727847555128858
data/UCF-101/CliffDiving/v_CliffDiving_g01_c06.avi,CliffDiving,[Something] falling like a feather or paper,0.6341779232025146,Moving [something] down,0.06746476888656616,Throwing [something] in the air and letting it fall,0.030915603041648865,278.54437500354834,0.5781939792707855
data/UCF-101/CliffDiving/v_CliffDiving_g02_c01.avi,CliffDiving,[Something] falling like a feather or paper,0.43311023712158203,Moving [something] down,0.17360348999500275,Turning [something] upside down,0.038461070507764816,279.9094580113888,0.7916974444687573
data/UCF-101/CliffDiving/v_CliffDiving_g02_c02.avi,CliffDiving,[Something] falling like a feather or paper,0.4130381941795349,Moving [something] down,0.1898612529039383,Turning the camera downwards while filming [something],0.051819346845149994,278.96841600886546,0.8340466945627698
data/UCF-101/CliffDiving/v_CliffDiving_g02_c03.avi,CliffDiving,[Something] falling like a feather or paper,0.28569599986076355,Moving [something] down,0.10328663885593414,Pulling [something] onto [something],0.08159779012203217,279.6895420178771,0.7968940971593925
data/UCF-101/CliffDiving/v_CliffDiving_g02_c04.avi,CliffDiving,[Something] falling like a feather or paper,0.3593747913837433,Moving [something] down,0.15841056406497955,Throwing [something] in the air and letting it fall,0.10733718425035477,278.79820798989385,0.8992151439667997
data/UCF-101/CricketBowling/v_CricketBowling_g01_c01.avi,CricketBowling,Putting [something similar to other things that are already on the table],0.15648023784160614,Dropping [something] in front of [something],0.10664762556552887,Pretending to pick [something] up,0.07723940908908844,279.6472920163069,0.7267431265520218
data/UCF-101/CricketBowling/v_CricketBowling_g01_c02.avi,CricketBowling,Taking [one of many similar things on the table],0.2787191867828369,Putting [something similar to other things that are already on the table],0.07152785360813141,Showing [something] behind [something],0.062154654413461685,279.6481660043355,0.7174182757393311
data/UCF-101/CricketBowling/v_CricketBowling_g01_c03.avi,CricketBowling,Putting [something] into [something],0.2838869094848633,Burying [something] in [something],0.26334261894226074,Putting [something similar to other things that are already on the table],0.08100133389234543,278.4578330174554,0.9124222299178273
data/UCF-101/CricketBowling/v_CricketBowling_g01_c04.avi,CricketBowling,Putting [something similar to other things that are already on the table],0.16022367775440216,Taking [one of many similar things on the table],0.08180252462625504,Moving [something] closer to [something],0.06986696273088455,280.53516600630246,0.6841147392104765
data/UCF-101/CricketBowling/v_CricketBowling_g01_c05.avi,CricketBowling,Pretending to pick [something] up,0.13222375512123108,Showing [something] behind [something],0.12002231180667877,Taking [one of many similar things on the table],0.065306656062603,278.8995419978164,0.700179355307341
data/UCF-101/CricketBowling/v_CricketBowling_g01_c06.avi,CricketBowling,Showing [something] behind [something],0.06895390897989273,Throwing [something] in the air and letting it fall,0.06220187619328499,Sprinkling [something] onto [something],0.05958167091012001,278.67545798653737,0.5252068204653515
data/UCF-101/CricketBowling/v_CricketBowling_g01_c07.avi,CricketBowling,Showing [something] behind [something],0.2391381412744522,Letting [something] roll along a flat surface,0.1513664275407791,Rolling [something] on a flat surface,0.07191173732280731,279.06525001162663,0.8172203050921723
data/UCF-101/CricketBowling/v_CricketBowling_g02_c01.avi,CricketBowling,Throwing [something] in the air and catching it,0.19550465047359467,Throwing [something] in the air and letting it fall,0.10257948935031891,Throwing [something] onto a surface,0.09373065084218979,280.80454099108465,0.7745739539212709
data/UCF-101/CricketBowling/v_CricketBowling_g02_c02.avi,CricketBowling,Throwing [something] in the air and catching it,0.6290818452835083,Throwing [something] in the air and letting it fall,0.1626766324043274,Throwing [something],0.05965867638587952,278.86808299808763,0.755179598866677
data/UCF-101/CricketBowling/v_CricketBowling_g02_c03.avi,CricketBowling,Throwing [something] onto a surface,0.15807569026947021,Letting [something] roll along a flat surface,0.10751863569021225,Moving [something] towards the camera,0.09491590410470963,277.4987920129206,0.7548801763829222
data/UCF-101/CricketShot/v_CricketShot_g01_c01.avi,CricketShot,Sprinkling [something] onto [something],0.47318464517593384,Throwing [something] in the air and letting it fall,0.17456616461277008,Throwing [something] in the air and catching it,0.15072782337665558,279.6172919915989,0.9439856266624724
data/UCF-101/CricketShot/v_CricketShot_g01_c02.avi,CricketShot,Holding [something] in front of [something],0.11541182547807693,Throwing [something] in the air and catching it,0.10507909953594208,Hitting [something] with [something],0.07971721142530441,279.1857499978505,0.6875767505619723
data/UCF-101/CricketShot/v_CricketShot_g01_c03.avi,CricketShot,Taking [one of many similar things on the table],0.25623995065689087,Pushing [something] with [something],0.2054518759250641,Hitting [something] with [something],0.07849778234958649,279.3634579866193,0.8737954566458925
data/UCF-101/CricketShot/v_CricketShot_g01_c04.avi,CricketShot,Hitting [something] with [something],0.13943932950496674,Taking [one of many similar things on the table],0.116890549659729,Moving [something] away from [something],0.10032884031534195,279.27737499703653,0.7563068979292769
data/UCF-101/CricketShot/v_CricketShot_g01_c05.avi,CricketShot,Taking [one of many similar things on the table],0.21042503416538239,Sprinkling [something] onto [something],0.09690307080745697,Throwing [something] in the air and catching it,0.06704859435558319,280.4775830009021,0.7353378690448297
data/UCF-101/CricketShot/v_CricketShot_g01_c06.avi,CricketShot,Holding [something] in front of [something],0.23814453184604645,Holding [something] behind [something],0.08074289560317993,Holding [something] next to [something],0.05389627441763878,279.514374997234,0.7023110644214217
data/UCF-101/CricketShot/v_CricketShot_g01_c07.avi,CricketShot,Hitting [something] with [something],0.1421085149049759,Spinning [something] so it continues spinning,0.11195757240056992,Taking [one of many similar things on the table],0.09494468569755554,277.2152080142405,0.7459668582694337
data/UCF-101/CricketShot/v_CricketShot_g02_c01.avi,CricketShot,Pretending to throw [something],0.32051926851272583,Hitting [something] with [something],0.3176845610141754,Throwing [something] against [something],0.05817960575222969,278.55979101150297,0.8944542965478812
data/UCF-101/CricketShot/v_CricketShot_g02_c02.avi,CricketShot,Hitting [something] with [something],0.7794812917709351,"Tipping [something] with [something in it] over, so [something in it] falls out",0.033883169293403625,Pretending to throw [something],0.032409343868494034,279.5395420107525,0.42002015600503606
data/UCF-101/CricketShot/v_CricketShot_g02_c03.avi,CricketShot,Throwing [something] in the air and catching it,0.4848550856113434,Pretending to throw [something],0.24126891791820526,Hitting [something] with [something],0.14093102514743805,278.88208301737905,0.9701878683773588
data/UCF-101/CuttingInKitchen/v_CuttingInKitchen_g01_c01.avi,CuttingInKitchen,Spreading [something] onto [something],0.8041578531265259,Pouring [something] onto [something],0.07056930661201477,Spilling [something] onto [something],0.04157976433634758,278.43966698856093,0.4945940620001287
data/UCF-101/CuttingInKitchen/v_CuttingInKitchen_g01_c02.avi,CuttingInKitchen,Spreading [something] onto [something],0.9150865077972412,Pouring [something] onto [something],0.018978698179125786,Sprinkling [something] onto [something],0.01843971200287342,279.53250001883134,0.2300759622628079
data/UCF-101/CuttingInKitchen/v_CuttingInKitchen_g01_c03.avi,CuttingInKitchen,Spreading [something] onto [something],0.8736681938171387,Scooping [something] up with [something],0.032411448657512665,Wiping [something] off of [something],0.022693581879138947,280.9355829958804,0.31505015734100317
data/UCF-101/CuttingInKitchen/v_CuttingInKitchen_g01_c04.avi,CuttingInKitchen,Spreading [something] onto [something],0.8783933520317078,Wiping [something] off of [something],0.02830623649060726,Pretending or failing to wipe [something] off of [something],0.022630944848060608,279.8334590042941,0.30053155474043514
data/UCF-101/CuttingInKitchen/v_CuttingInKitchen_g01_c05.avi,CuttingInKitchen,Spreading [something] onto [something],0.8792489171028137,Piling [something] up,0.037039197981357574,Wiping [something] off of [something],0.021061761304736137,278.4982079756446,0.3165257445675238
data/UCF-101/CuttingInKitchen/v_CuttingInKitchen_g02_c01.avi,CuttingInKitchen,Spreading [something] onto [something],0.8158091902732849,Piling [something] up,0.035445790737867355,Spilling [something] onto [something],0.011955244466662407,278.2742500130553,0.33737919720565135
data/UCF-101/CuttingInKitchen/v_CuttingInKitchen_g02_c02.avi,CuttingInKitchen,Spreading [something] onto [something],0.4738790690898895,Piling [something] up,0.0919889584183693,Failing to put [something] into [something] because [something] does not fit,0.07318264991044998,279.02229101164266,0.7647457656554598
data/UCF-101/CuttingInKitchen/v_CuttingInKitchen_g02_c03.avi,CuttingInKitchen,Spreading [something] onto [something],0.6424450874328613,Pretending to spread air onto [something],0.08199099451303482,Moving [part] of [something],0.043518807739019394,282.9198749968782,0.6257490449316467
data/UCF-101/CuttingInKitchen/v_CuttingInKitchen_g02_c04.avi,CuttingInKitchen,Piling [something] up,0.2547304928302765,Spreading [something] onto [something],0.13739372789859772,Stuffing [something] into [something],0.13128243386745453,279.7484580078162,0.8876263299775928
data/UCF-101/CuttingInKitchen/v_CuttingInKitchen_g03_c01.avi,CuttingInKitchen,Stacking [number of] [something],0.41531363129615784,Trying but failing to attach [something] to [something] because it doesn't stick,0.11790595203638077,Piling [something] up,0.11072210222482681,278.60333301941864,0.8606819481815895
data/UCF-101/Diving/v_Diving_g01_c01.avi,Diving,Throwing [something] in the air and letting it fall,0.6149568557739258,Turning [something] upside down,0.1809082329273224,Throwing [something] in the air and catching it,0.0886329934000969,278.2100419863127,0.8230846026379689
data/UCF-101/Diving/v_Diving_g01_c02.avi,Diving,Throwing [something] in the air and letting it fall,0.37599819898605347,Turning [something] upside down,0.26548683643341064,Pretending to pick [something] up,0.12730826437473297,278.6901250074152,0.9822771456873691
data/UCF-101/Diving/v_Diving_g01_c03.avi,Diving,Throwing [something] in the air and letting it fall,0.2866742014884949,Turning [something] upside down,0.2685557007789612,[Something] falling like a feather or paper,0.16162806749343872,279.25729198614135,1.005802931344485
data/UCF-101/Diving/v_Diving_g01_c04.avi,Diving,Throwing [something] in the air and letting it fall,0.43017226457595825,Throwing [something] in the air and catching it,0.1445215940475464,Turning [something] upside down,0.10368941724300385,277.8380830131937,0.8774291955590525
data/UCF-101/Diving/v_Diving_g01_c05.avi,Diving,Throwing [something] in the air and letting it fall,0.3733775019645691,[Something] falling like a feather or paper,0.1495848447084427,Throwing [something] in the air and catching it,0.12303263694047928,281.9352920050733,0.9098245129433408
data/UCF-101/Diving/v_Diving_g01_c06.avi,Diving,Throwing [something] in the air and letting it fall,0.3689946234226227,Throwing [something] in the air and catching it,0.22154578566551208,Turning [something] upside down,0.18922311067581177,280.5962910060771,1.0167991906612075
data/UCF-101/Diving/v_Diving_g01_c07.avi,Diving,Throwing [something] in the air and letting it fall,0.48578324913978577,[Something] falling like a feather or paper,0.1754763126373291,Throwing [something],0.07217002660036087,278.95154198631644,0.845820394624186
data/UCF-101/Diving/v_Diving_g02_c01.avi,Diving,Throwing [something] in the air and letting it fall,0.4565648138523102,Pretending to pick [something] up,0.11378060281276703,Putting [something] on a surface,0.08517901599407196,279.4601670175325,0.8150542111389592
data/UCF-101/Diving/v_Diving_g02_c02.avi,Diving,Throwing [something] in the air and letting it fall,0.4468517303466797,Throwing [something],0.0644390657544136,Pretending to pick [something] up,0.06299594789743423,278.3891669823788,0.7108099084572961
data/UCF-101/Diving/v_Diving_g02_c03.avi,Diving,Throwing [something] in the air and letting it fall,0.4996292293071747,Turning [something] upside down,0.10445522516965866,Throwing [something] in the air and catching it,0.08685831725597382,278.92950002569705,0.7948875430836068
data/UCF-101/Drumming/v_Drumming_g01_c01.avi,Drumming,Hitting [something] with [something],0.7550451755523682,Spinning [something] so it continues spinning,0.11595778912305832,Moving [part] of [something],0.03798787668347359,279.1427499905694,0.586224180581261
data/UCF-101/Drumming/v_Drumming_g01_c02.avi,Drumming,Hitting [something] with [something],0.6715422868728638,Spinning [something] so it continues spinning,0.17619813978672028,Pushing [something] so it spins,0.05720043182373047,281.0108750127256,0.7369607999285139
data/UCF-101/Drumming/v_Drumming_g01_c03.avi,Drumming,Spinning [something] so it continues spinning,0.5396210551261902,Hitting [something] with [something],0.19558247923851013,Pushing [something] so it spins,0.13448181748390198,279.34970799833536,0.9218464586490211
data/UCF-101/Drumming/v_Drumming_g01_c04.avi,Drumming,Hitting [something] with [something],0.6574406027793884,Spinning [something] so it continues spinning,0.23265376687049866,Pushing [something] so it spins,0.08091914653778076,278.9331669919193,0.8184431840387425
data/UCF-101/Drumming/v_Drumming_g01_c05.avi,Drumming,Hitting [something] with [something],0.5469368696212769,Spinning [something] so it continues spinning,0.3458486795425415,Pushing [something] so it spins,0.05688485503196716,278.3404159999918,0.8603131819416399
data/UCF-101/Drumming/v_Drumming_g01_c06.avi,Drumming,Hitting [something] with [something],0.6474618911743164,Spinning [something] so it continues spinning,0.20499779284000397,Pushing [something] so it spins,0.10603386908769608,279.07358400989324,0.8442598180896366
data/UCF-101/Drumming/v_Drumming_g01_c07.avi,Drumming,Spinning [something] so it continues spinning,0.5824727416038513,Hitting [something] with [something],0.2635454833507538,Pushing [something] so it spins,0.1310514360666275,278.17441601655446,0.9325745461331401
data/UCF-101/Drumming/v_Drumming_g02_c01.avi,Drumming,Hitting [something] with [something],0.996994137763977,Spinning [something] so it continues spinning,0.0007195704965852201,Throwing [something] against [something],0.0003198304329998791,277.8194159909617,0.010782673549322512
data/UCF-101/Drumming/v_Drumming_g02_c02.avi,Drumming,Hitting [something] with [something],0.9904480576515198,Spinning [something] so it continues spinning,0.004723840393126011,Spinning [something] that quickly stops spinning,0.000634415540844202,278.7640840106178,0.039474049463248215
data/UCF-101/Drumming/v_Drumming_g02_c03.avi,Drumming,Hitting [something] with [something],0.9968570470809937,Spinning [something] so it continues spinning,0.00150823756121099,Spinning [something] that quickly stops spinning,0.00026379202608950436,278.8364169828128,0.015110484992679682
data/UCF-101/Fencing/v_Fencing_g01_c01.avi,Fencing,Hitting [something] with [something],0.6242906451225281,Sprinkling [something] onto [something],0.13428033888339996,Trying but failing to attach [something] to [something] because it doesn't stick,0.07493042200803757,277.3090419941582,0.7578986780441175
data/UCF-101/Fencing/v_Fencing_g01_c02.avi,Fencing,Sprinkling [something] onto [something],0.2616645395755768,Hitting [something] with [something],0.21999508142471313,Spinning [something] so it continues spinning,0.14519545435905457,278.84187499876134,0.9640970847679666
data/UCF-101/Fencing/v_Fencing_g01_c03.avi,Fencing,Hitting [something] with [something],0.49428799748420715,Throwing [something] in the air and letting it fall,0.08895500004291534,Throwing [something] onto a surface,0.05704513564705849,278.18612501141615,0.7269035687724725
data/UCF-101/Fencing/v_Fencing_g01_c04.avi,Fencing,Hitting [something] with [something],0.467296838760376,Spinning [something] so it continues spinning,0.12058417499065399,Trying but failing to attach [something] to [something] because it doesn't stick,0.08782622218132019,278.92683300888166,0.8242277521766839
data/UCF-101/Fencing/v_Fencing_g01_c05.avi,Fencing,Hitting [something] with [something],0.26979970932006836,Throwing [something] in the air and catching it,0.23073087632656097,Throwing [something] in the air and letting it fall,0.13443443179130554,278.2950420223642,0.9615922634552527
data/UCF-101/Fencing/v_Fencing_g01_c06.avi,Fencing,Hitting [something] with [something],0.7078059315681458,Trying but failing to attach [something] to [something] because it doesn't stick,0.08388878405094147,Sprinkling [something] onto [something],0.02695055678486824,277.74358401075006,0.5498984564827823
data/UCF-101/Fencing/v_Fencing_g02_c01.avi,Fencing,Hitting [something] with [something],0.9797959327697754,Pretending to throw [something],0.003937793895602226,Throwing [something] in the air and catching it,0.0022201293613761663,277.83600002294406,0.055368082926705274
data/UCF-101/Fencing/v_Fencing_g02_c02.avi,Fencing,Hitting [something] with [something],0.7693278789520264,Bending [something] until it breaks,0.11718163639307022,Bending [something] so that it deforms,0.019380033016204834,277.25412498693913,0.5294133747172335
data/UCF-101/Fencing/v_Fencing_g02_c03.avi,Fencing,Hitting [something] with [something],0.965523362159729,Spinning [something] so it continues spinning,0.010077467188239098,Sprinkling [something] onto [something],0.0064053102396428585,277.86133301560767,0.11255689161170634
data/UCF-101/Fencing/v_Fencing_g02_c04.avi,Fencing,Hitting [something] with [something],0.9377869963645935,Pretending to throw [something],0.00956886075437069,Taking [one of many similar things on the table],0.008333686739206314,278.2388749765232,0.14462138926517426
data/UCF-101/FieldHockeyPenalty/v_FieldHockeyPenalty_g01_c01.avi,FieldHockeyPenalty,Scooping [something] up with [something],0.6552509069442749,Taking [one of many similar things on the table],0.07321374118328094,Pretending to scoop [something] up with [something],0.042254526168107986,277.40037499461323,0.6021019747917131
data/UCF-101/FieldHockeyPenalty/v_FieldHockeyPenalty_g01_c02.avi,FieldHockeyPenalty,Pretending to pick [something] up,0.20282477140426636,Hitting [something] with [something],0.18144382536411285,Spinning [something] that quickly stops spinning,0.0836104303598404,277.1719580050558,0.8407657930131086
data/UCF-101/FieldHockeyPenalty/v_FieldHockeyPenalty_g01_c03.avi,FieldHockeyPenalty,Hitting [something] with [something],0.45493218302726746,Scooping [something] up with [something],0.2527296245098114,Throwing [something] against [something],0.05419154092669487,279.4858339766506,0.8639017464696286
data/UCF-101/FieldHockeyPenalty/v_FieldHockeyPenalty_g01_c04.avi,FieldHockeyPenalty,Pretending to pick [something] up,0.22524501383304596,Pretending to scoop [something] up with [something],0.22363486886024475,Hitting [something] with [something],0.1504795104265213,277.7698340069037,0.9556871105621711
data/UCF-101/FieldHockeyPenalty/v_FieldHockeyPenalty_g01_c05.avi,FieldHockeyPenalty,Scooping [something] up with [something],0.17155005037784576,Pushing [something] with [something],0.11483041197061539,Failing to put [something] into [something] because [something] does not fit,0.1069660633802414,277.3752500070259,0.7900447408487568
data/UCF-101/FieldHockeyPenalty/v_FieldHockeyPenalty_g02_c01.avi,FieldHockeyPenalty,Hitting [something] with [something],0.8010556101799011,Throwing [something] in the air and letting it fall,0.05263106897473335,Spinning [something] so it continues spinning,0.01907624863088131,278.7849579763133,0.40819237372629824
data/UCF-101/FieldHockeyPenalty/v_FieldHockeyPenalty_g02_c02.avi,FieldHockeyPenalty,Hitting [something] with [something],0.8912379741668701,Throwing [something] in the air and letting it fall,0.02095757983624935,[Something] colliding with [something] and both are being deflected,0.014939282089471817,278.21591700194404,0.24642808894756646
data/UCF-101/FieldHockeyPenalty/v_FieldHockeyPenalty_g02_c03.avi,FieldHockeyPenalty,Hitting [something] with [something],0.4129329025745392,Spinning [something] so it continues spinning,0.1335981786251068,Letting [something] roll along a flat surface,0.12069671601057053,277.725082996767,0.8893592079626367
data/UCF-101/FieldHockeyPenalty/v_FieldHockeyPenalty_g02_c04.avi,FieldHockeyPenalty,Hitting [something] with [something],0.6832366585731506,Throwing [something] in the air and letting it fall,0.04323475435376167,[Something] colliding with [something] and both are being deflected,0.03343337029218674,279.3462499976158,0.5096728452587453
data/UCF-101/FieldHockeyPenalty/v_FieldHockeyPenalty_g02_c05.avi,FieldHockeyPenalty,Hitting [something] with [something],0.5643497705459595,[Something] colliding with [something] and both are being deflected,0.23166213929653168,[Something] being deflected from [something],0.07939015328884125,277.8349170112051,0.8627794632656135
data/UCF-101/FloorGymnastics/v_FloorGymnastics_g01_c01.avi,FloorGymnastics,Turning [something] upside down,0.4161571264266968,Showing [something] to the camera,0.21175430715084076,Pretending to turn [something] upside down,0.16364382207393646,277.917500003241,0.9897596828319726
data/UCF-101/FloorGymnastics/v_FloorGymnastics_g01_c02.avi,FloorGymnastics,Throwing [something] in the air and letting it fall,0.8201867341995239,Throwing [something] in the air and catching it,0.06038658320903778,"Lifting [something] up completely, then letting it drop down",0.028056617826223373,276.3983329932671,0.4323456923971251
data/UCF-101/FloorGymnastics/v_FloorGymnastics_g01_c03.avi,FloorGymnastics,Turning [something] upside down,0.3261341154575348,Throwing [something] in the air and catching it,0.13846774399280548,Spinning [something] so it continues spinning,0.11792705953121185,278.40333300991915,0.8912742837444283
data/UCF-101/FloorGymnastics/v_FloorGymnastics_g01_c04.avi,FloorGymnastics,Throwing [something] in the air and letting it fall,0.31957516074180603,Throwing [something] in the air and catching it,0.21999455988407135,Turning [something] upside down,0.09672746807336807,278.6767089855857,0.9236063720236704
data/UCF-101/FloorGymnastics/v_FloorGymnastics_g01_c05.avi,FloorGymnastics,Turning [something] upside down,0.24931861460208893,Throwing [something] in the air and letting it fall,0.1829429268836975,"Lifting [something] up completely, then letting it drop down",0.1449044793844223,277.0987919939216,0.9369619935955682
data/UCF-101/FloorGymnastics/v_FloorGymnastics_g02_c01.avi,FloorGymnastics,Throwing [something] in the air and letting it fall,0.4556339383125305,Throwing [something] in the air and catching it,0.37368181347846985,Twisting [something],0.04433615133166313,279.28166699712165,0.8641415139438151
data/UCF-101/FloorGymnastics/v_FloorGymnastics_g02_c02.avi,FloorGymnastics,Throwing [something] in the air and catching it,0.2459210753440857,Throwing [something],0.18907985091209412,Pretending to throw [something],0.11617075651884079,279.9915830255486,0.9099732988432189
data/UCF-101/FloorGymnastics/v_FloorGymnastics_g02_c03.avi,FloorGymnastics,Throwing [something] in the air and catching it,0.47088196873664856,Throwing [something] in the air and letting it fall,0.19053439795970917,Twisting [something],0.15957976877689362,278.3266670012381,0.9633976018970196
data/UCF-101/FloorGymnastics/v_FloorGymnastics_g02_c04.avi,FloorGymnastics,Showing [something] to the camera,0.32728812098503113,Turning [something] upside down,0.2900445759296417,Pretending to turn [something] upside down,0.10975504666566849,277.6355830137618,0.9670512171724169
data/UCF-101/FloorGymnastics/v_FloorGymnastics_g03_c01.avi,FloorGymnastics,Turning [something] upside down,0.35216769576072693,Throwing [something] in the air and catching it,0.20401233434677124,Pretending to turn [something] upside down,0.10008496046066284,277.22304200869985,0.9222010555858834
data/UCF-101/FrisbeeCatch/v_FrisbeeCatch_g01_c01.avi,FrisbeeCatch,Approaching [something] with your camera,0.7464073300361633,Moving away from [something] with your camera,0.10092973709106445,Throwing [something] in the air and catching it,0.02261417545378208,276.5541250118986,0.5354664646249663
data/UCF-101/FrisbeeCatch/v_FrisbeeCatch_g01_c02.avi,FrisbeeCatch,Turning the camera left while filming [something],0.4284645617008209,Throwing [something],0.25202852487564087,Throwing [something] onto a surface,0.06990990787744522,275.95170799759217,0.8964916082963816
data/UCF-101/FrisbeeCatch/v_FrisbeeCatch_g01_c03.avi,FrisbeeCatch,Approaching [something] with your camera,0.31965845823287964,Moving [something] and [something] so they pass each other,0.15960000455379486,Throwing [something] in the air and catching it,0.1176106408238411,276.3292919844389,0.9091816356135951
data/UCF-101/FrisbeeCatch/v_FrisbeeCatch_g01_c04.avi,FrisbeeCatch,Throwing [something],0.27626514434814453,Throwing [something] in the air and catching it,0.2604827284812927,Pretending to throw [something],0.24261929094791412,276.9411659974139,1.049404549776383
data/UCF-101/FrisbeeCatch/v_FrisbeeCatch_g01_c05.avi,FrisbeeCatch,Throwing [something],0.3544384241104126,Throwing [something] onto a surface,0.13655966520309448,Throwing [something] in the air and catching it,0.10602644085884094,277.13462500832975,0.8774506905519603
data/UCF-101/FrisbeeCatch/v_FrisbeeCatch_g01_c06.avi,FrisbeeCatch,Moving [something] and [something] so they pass each other,0.6613706946372986,Moving away from [something] with your camera,0.1333354115486145,Showing [something] behind [something],0.04050333797931671,277.92683299048804,0.6719621895644959
data/UCF-101/FrisbeeCatch/v_FrisbeeCatch_g02_c01.avi,FrisbeeCatch,Throwing [something] onto a surface,0.2614074945449829,Throwing [something],0.17544294893741608,Throwing [something] in the air and letting it fall,0.17454344034194946,278.18162500625476,0.9607518378318856
data/UCF-101/FrisbeeCatch/v_FrisbeeCatch_g02_c02.avi,FrisbeeCatch,Approaching [something] with your camera,0.9526838660240173,Showing a photo of [something] to the camera,0.009096023626625538,Showing [something] behind [something],0.008741685189306736,277.93479201500304,0.130361752869353
data/UCF-101/FrisbeeCatch/v_FrisbeeCatch_g02_c03.avi,FrisbeeCatch,Throwing [something],0.37941914796829224,Throwing [something] onto a surface,0.23963625729084015,Throwing [something] against [something],0.04951976239681244,276.85483399545774,0.858878477808055
data/UCF-101/FrisbeeCatch/v_FrisbeeCatch_g02_c04.avi,FrisbeeCatch,Throwing [something] in the air and catching it,0.6182552576065063,Throwing [something],0.11109322309494019,Throwing [something] onto a surface,0.05973776802420616,278.36787499836646,0.7097336136871257
data/UCF-101/FrontCrawl/v_FrontCrawl_g01_c01.avi,FrontCrawl,Twisting [something],0.7645131945610046,Squeezing [something],0.0414547361433506,Opening [something],0.02281503938138485,277.24487500381656,0.4234892938321476
data/UCF-101/FrontCrawl/v_FrontCrawl_g01_c02.avi,FrontCrawl,Twisting [something],0.37427574396133423,Closing [something],0.09637103974819183,Opening [something],0.095513254404068,276.28125000046566,0.8176009228414352
data/UCF-101/FrontCrawl/v_FrontCrawl_g01_c03.avi,FrontCrawl,Twisting [something],0.2434007078409195,Showing that [something] is inside [something],0.08939208090305328,Squeezing [something],0.08229342848062515,278.07658398523927,0.7653184495509199
data/UCF-101/FrontCrawl/v_FrontCrawl_g01_c04.avi,FrontCrawl,Squeezing [something],0.1329304277896881,Turning the camera upwards while filming [something],0.05960924178361893,Sprinkling [something] onto [something],0.054352257400751114,277.95733298989944,0.5946273804904585
data/UCF-101/FrontCrawl/v_FrontCrawl_g02_c01.avi,FrontCrawl,Twisting [something],0.2420455664396286,Spinning [something] so it continues spinning,0.10755297541618347,Pretending or trying and failing to twist [something],0.07288271933794022,277.99562498694286,0.7740643386894736
data/UCF-101/FrontCrawl/v_FrontCrawl_g02_c02.avi,FrontCrawl,Twisting [something],0.4106583595275879,Pretending or trying and failing to twist [something],0.11888568103313446,Moving [part] of [something],0.06784945726394653,276.2808749976102,0.8012079513125305
data/UCF-101/FrontCrawl/v_FrontCrawl_g02_c03.avi,FrontCrawl,Twisting [something],0.22966541349887848,Pretending or trying and failing to twist [something],0.12930531799793243,Closing [something],0.08048982173204422,277.31637499528006,0.8051764378170414
data/UCF-101/FrontCrawl/v_FrontCrawl_g02_c04.avi,FrontCrawl,Twisting [something],0.38541513681411743,Pretending or trying and failing to twist [something],0.11869533360004425,Moving [part] of [something],0.06221335008740425,277.06533402670175,0.7932089512855636
data/UCF-101/FrontCrawl/v_FrontCrawl_g03_c01.avi,FrontCrawl,Twisting [something],0.28985029458999634,Spreading [something] onto [something],0.17906562983989716,Spinning [something] so it continues spinning,0.05393802002072334,276.37812501052395,0.8244360001765311
data/UCF-101/FrontCrawl/v_FrontCrawl_g03_c02.avi,FrontCrawl,Twisting [something],0.2868950068950653,Spreading [something] onto [something],0.12109023332595825,Pretending or trying and failing to twist [something],0.06603911519050598,278.9707920164801,0.7933381457376156
data/UCF-101/GolfSwing/v_GolfSwing_g01_c01.avi,GolfSwing,Hitting [something] with [something],0.5013225078582764,Pretending to throw [something],0.28552526235580444,Pretending to put [something] behind [something],0.0395437628030777,278.46766699803993,0.8317905507488241
data/UCF-101/GolfSwing/v_GolfSwing_g01_c02.avi,GolfSwing,Pretending to throw [something],0.24827086925506592,Hitting [something] with [something],0.226849764585495,Throwing [something] against [something],0.09922853857278824,281.0942090000026,0.9116744847878215
data/UCF-101/GolfSwing/v_GolfSwing_g01_c03.avi,GolfSwing,Hitting [something] with [something],0.22142615914344788,Throwing [something] against [something],0.20150622725486755,Throwing [something],0.0840272605419159,282.4624170025345,0.864739683150157
data/UCF-101/GolfSwing/v_GolfSwing_g01_c04.avi,GolfSwing,Hitting [something] with [something],0.2200579196214676,Picking [something] up,0.18116642534732819,Throwing [something] against [something],0.11897467076778412,278.8322499836795,0.8959101686829185
data/UCF-101/GolfSwing/v_GolfSwing_g01_c05.avi,GolfSwing,Pretending to throw [something],0.5815303921699524,Hitting [something] with [something],0.37519076466560364,Throwing [something] against [something],0.017091508954763412,277.88879099534824,0.7525985776392796
data/UCF-101/GolfSwing/v_GolfSwing_g01_c06.avi,GolfSwing,Hitting [something] with [something],0.8589430451393127,Pretending to throw [something],0.025756534188985825,Pretending to put [something] onto [something],0.012031429447233677,277.31220799614675,0.2780311801001741
data/UCF-101/GolfSwing/v_GolfSwing_g02_c01.avi,GolfSwing,Throwing [something],0.20224210619926453,Pretending to throw [something],0.17991971969604492,Turning [something] upside down,0.1755644977092743,278.19333400111645,0.9372859241086726
data/UCF-101/GolfSwing/v_GolfSwing_g02_c02.avi,GolfSwing,Pretending to throw [something],0.6749545931816101,Hitting [something] with [something],0.2016596496105194,Throwing [something] against [something],0.051987580955028534,277.77187500032596,0.7419377755619492
data/UCF-101/GolfSwing/v_GolfSwing_g02_c03.avi,GolfSwing,Pretending to throw [something],0.48385852575302124,Hitting [something] with [something],0.2931916415691376,Spinning [something] that quickly stops spinning,0.05858472362160683,277.79849999933504,0.8772098648312892
data/UCF-101/GolfSwing/v_GolfSwing_g02_c04.avi,GolfSwing,Pretending to throw [something],0.7201037406921387,Hitting [something] with [something],0.13570693135261536,Throwing [something] against [something],0.0414295457303524,278.67075000540353,0.639396735187176
data/UCF-101/Haircut/v_Haircut_g01_c01.avi,Haircut,Putting [something] into [something],0.145255908370018,Hitting [something] with [something],0.12020160257816315,Holding [something] behind [something],0.09710532426834106,277.86299999570474,0.7613390980224162
data/UCF-101/Haircut/v_Haircut_g01_c02.avi,Haircut,Putting [something] into [something],0.5328096747398376,Putting [something] onto [something],0.08151944726705551,Spreading [something] onto [something],0.07739212363958359,278.4202499897219,0.7378507972063216
data/UCF-101/Haircut/v_Haircut_g01_c03.avi,Haircut,Taking [something] out of [something],0.16042056679725647,Pulling [something] from right to left,0.13710372149944305,Bending [something] until it breaks,0.12601056694984436,276.8135000078473,0.8270071049680765
data/UCF-101/Haircut/v_Haircut_g01_c04.avi,Haircut,Moving [something] down,0.14262454211711884,Pulling [something] from right to left,0.11680258810520172,Pushing [something] from right to left,0.09976125508546829,278.3517079951707,0.7585208927436706
data/UCF-101/Haircut/v_Haircut_g02_c01.avi,Haircut,Pouring [something] into [something],0.4046770930290222,Moving [something] up,0.08990085124969482,Pulling [something] out of [something],0.06441953033208847,277.6724160066806,0.7593331458731739
data/UCF-101/Haircut/v_Haircut_g02_c02.avi,Haircut,Pouring [something] into [something],0.6989184021949768,Pouring [something] out of [something],0.054290156811475754,Spilling [something] behind [something],0.03619978949427605,277.5385420245584,0.528673369222854
data/UCF-101/Haircut/v_Haircut_g02_c03.avi,Haircut,Hitting [something] with [something],0.2921661138534546,Putting [something] onto [something],0.09226686507463455,Twisting [something],0.0653606504201889,277.75808397564106,0.7576622340234631
data/UCF-101/Haircut/v_Haircut_g02_c04.avi,Haircut,Twisting [something],0.18621967732906342,Squeezing [something],0.1724337786436081,Moving [part] of [something],0.1156066358089447,277.2567920037545,0.8655258640368078
data/UCF-101/Haircut/v_Haircut_g03_c01.avi,Haircut,Moving [part] of [something],0.2660834789276123,Pulling [something] from right to left,0.24035029113292694,Twisting [something],0.13664187490940094,276.7589590221178,0.9669080974988415
data/UCF-101/Haircut/v_Haircut_g03_c02.avi,Haircut,Taking [something] out of [something],0.2812591791152954,Taking [something] from [somewhere],0.06463460624217987,Plugging [something] into [something] but pulling it right out as you remove your hand,0.05691741034388542,276.8226249900181,0.696939867833151
data/UCF-101/HammerThrow/v_HammerThrow_g01_c01.avi,HammerThrow,Spinning [something] so it continues spinning,0.2229565978050232,Twisting [something],0.17814190685749054,Spinning [something] that quickly stops spinning,0.08321155607700348,277.6589170098305,0.8488289600225242
data/UCF-101/HammerThrow/v_HammerThrow_g01_c02.avi,HammerThrow,Spinning [something] so it continues spinning,0.20941564440727234,Throwing [something] in the air and catching it,0.20378780364990234,Throwing [something] in the air and letting it fall,0.11202148348093033,277.5404159910977,0.8967902296873143
data/UCF-101/HammerThrow/v_HammerThrow_g01_c03.avi,HammerThrow,Throwing [something] in the air and letting it fall,0.3061351180076599,Throwing [something] in the air and catching it,0.16682784259319305,Throwing [something],0.1228150874376297,276.7782500013709,0.9186875413271876
data/UCF-101/HammerThrow/v_HammerThrow_g01_c04.avi,HammerThrow,Throwing [something],0.2808310389518738,Spinning [something] so it continues spinning,0.17068102955818176,Throwing [something] in the air and catching it,0.10561926662921906,276.7305830202531,0.8958361065638286
data/UCF-101/HammerThrow/v_HammerThrow_g01_c05.avi,HammerThrow,Hitting [something] with [something],0.244327113032341,Throwing [something] in the air and catching it,0.18079586327075958,Spinning [something] so it continues spinning,0.1535075306892395,278.17229100037366,0.9412221523596399
data/UCF-101/HammerThrow/v_HammerThrow_g01_c06.avi,HammerThrow,Throwing [something],0.4205883741378784,Throwing [something] against [something],0.18748413026332855,Spinning [something] so it continues spinning,0.1257627159357071,277.57512498646975,0.9388829295111315
data/UCF-101/HammerThrow/v_HammerThrow_g02_c01.avi,HammerThrow,Throwing [something] in the air and catching it,0.2676335871219635,Spinning [something] so it continues spinning,0.18567843735218048,Spinning [something] that quickly stops spinning,0.11043150722980499,277.026333991671,0.9087319421250503
data/UCF-101/HammerThrow/v_HammerThrow_g02_c02.avi,HammerThrow,Spinning [something] so it continues spinning,0.261104017496109,Spinning [something] that quickly stops spinning,0.11903322488069534,Twisting [something],0.10520550608634949,279.35429199715145,0.8408705884860064
data/UCF-101/HammerThrow/v_HammerThrow_g02_c03.avi,HammerThrow,Hitting [something] with [something],0.601856529712677,Throwing [something] in the air and catching it,0.06570016592741013,Throwing [something] in the air and letting it fall,0.06089866906404495,278.073833003873,0.6548907485788051
data/UCF-101/HammerThrow/v_HammerThrow_g02_c04.avi,HammerThrow,Turning [something] upside down,0.2292521595954895,Spinning [something] so it continues spinning,0.13340608775615692,Hitting [something] with [something],0.1285589039325714,277.4633749795612,0.870122200295425
data/UCF-101/Hammering/v_Hammering_g01_c01.avi,Hammering,Hitting [something] with [something],0.9451732039451599,Wiping [something] off of [something],0.020518869161605835,Pushing [something] with [something],0.013096180744469166,279.74791699671187,0.18981794174180905
data/UCF-101/Hammering/v_Hammering_g01_c02.avi,Hammering,Hitting [something] with [something],0.5768661499023438,Trying but failing to attach [something] to [something] because it doesn't stick,0.20614610612392426,Holding [something] next to [something],0.09893705695867538,278.3035419997759,0.8717680715228942
data/UCF-101/Hammering/v_Hammering_g01_c03.avi,Hammering,Hitting [something] with [something],0.548167884349823,Pushing [something] with [something],0.08791851997375488,Trying but failing to attach [something] to [something] because it doesn't stick,0.06650512665510178,275.6561669812072,0.7235649067097779
data/UCF-101/Hammering/v_Hammering_g01_c04.avi,Hammering,Hitting [something] with [something],0.5139076709747314,Holding [something] behind [something],0.22827929258346558,Moving [part] of [something],0.08851488679647446,277.58108399575576,0.8939369980327099
data/UCF-101/Hammering/v_Hammering_g02_c01.avi,Hammering,Hitting [something] with [something],0.8758765459060669,Showing [something] behind [something],0.01338019035756588,Taking [one of many similar things on the table],0.013380133546888828,277.0533750008326,0.2315235886924487
data/UCF-101/Hammering/v_Hammering_g02_c02.avi,Hammering,Taking [something] out of [something],0.347835510969162,Taking [one of many similar things on the table],0.21966254711151123,Pretending to take [something] out of [something],0.10072823613882065,279.3820829829201,0.9314619990817158
data/UCF-101/Hammering/v_Hammering_g02_c03.avi,Hammering,Putting [something similar to other things that are already on the table],0.290002703666687,Putting [something] into [something],0.22210291028022766,Stuffing [something] into [something],0.12155110388994217,277.6672920153942,0.949322740786306
data/UCF-101/Hammering/v_Hammering_g02_c04.avi,Hammering,Hitting [something] with [something],0.6944848299026489,Holding [something] behind [something],0.11739824712276459,Holding [something] in front of [something],0.03012111969292164,276.4595000189729,0.6101873747843296
data/UCF-101/Hammering/v_Hammering_g03_c01.avi,Hammering,Hitting [something] with [something],0.7997354865074158,Poking [something] so lightly that it doesn't or almost doesn't move,0.03080853447318077,Pouring [something] onto [something],0.01963583379983902,276.5238329884596,0.3631095265575333
data/UCF-101/Hammering/v_Hammering_g03_c02.avi,Hammering,Hitting [something] with [something],0.9912931323051453,Spreading [something] onto [something],0.0032520517706871033,Moving [part] of [something],0.0027123664040118456,276.5514579950832,0.04332803635581548
data/UCF-101/HandstandPushups/v_HandStandPushups_g01_c01.avi,HandstandPushups,Moving [part] of [something],0.28405284881591797,Closing [something],0.14104460179805756,Showing [something] to the camera,0.0913902223110199,277.32266698149033,0.8524303820229967
data/UCF-101/HandstandPushups/v_HandStandPushups_g01_c02.avi,HandstandPushups,Squeezing [something],0.5489497184753418,Pretending to pick [something] up,0.13089261949062347,Moving [part] of [something],0.0991775393486023,276.188165997155,0.8245696954175548
data/UCF-101/HandstandPushups/v_HandStandPushups_g01_c03.avi,HandstandPushups,Squeezing [something],0.6058502793312073,Moving [part] of [something],0.15592990815639496,Trying to bend [something unbendable] so nothing happens,0.05769599601626396,277.2627499944065,0.7579590000675958
data/UCF-101/HandstandPushups/v_HandStandPushups_g01_c04.avi,HandstandPushups,Squeezing [something],0.25885313749313354,Moving [part] of [something],0.2465173304080963,Trying to bend [something unbendable] so nothing happens,0.19205865263938904,276.2120409752242,1.0119304851619857
data/UCF-101/HandstandPushups/v_HandStandPushups_g02_c01.avi,HandstandPushups,Moving [part] of [something],0.3637387156486511,Squeezing [something],0.12245021760463715,Pretending to squeeze [something],0.0862409695982933,278.85720899212174,0.8363506934804193
data/UCF-101/HandstandPushups/v_HandStandPushups_g02_c02.avi,HandstandPushups,Moving [part] of [something],0.29671066999435425,Pretending to close [something] without actually closing it,0.14135612547397614,Trying to bend [something unbendable] so nothing happens,0.08614268153905869,278.53633399354294,0.8482625738727655
data/UCF-101/HandstandPushups/v_HandStandPushups_g02_c03.avi,HandstandPushups,Moving [part] of [something],0.6949319839477539,Squeezing [something],0.04620763286948204,Trying to bend [something unbendable] so nothing happens,0.03420516103506088,276.8987499875948,0.5104402878486858
data/UCF-101/HandstandPushups/v_HandStandPushups_g02_c04.avi,HandstandPushups,Moving [part] of [something],0.5108317732810974,Twisting [something],0.09402509033679962,Squeezing [something],0.08259528130292892,278.3635000232607,0.7714031965598224
data/UCF-101/HandstandPushups/v_HandStandPushups_g03_c01.avi,HandstandPushups,Moving [part] of [something],0.24176117777824402,Squeezing [something],0.2386101633310318,Pretending to pick [something] up,0.14896881580352783,278.09354101191275,0.9688033271532925
data/UCF-101/HandstandPushups/v_HandStandPushups_g03_c02.avi,HandstandPushups,Squeezing [something],0.20502476394176483,Pretending to pick [something] up,0.13429512083530426,Moving [part] of [something],0.10597830265760422,277.7375419973396,0.8323841768340086
data/UCF-101/HandstandWalking/v_HandstandWalking_g01_c01.avi,HandstandWalking,Moving [something] down,0.5261411666870117,Turning [something] upside down,0.06322641670703888,Closing [something],0.0483098067343235,276.37645800132304,0.6588351194862889
data/UCF-101/HandstandWalking/v_HandstandWalking_g01_c02.avi,HandstandWalking,Pulling [something] onto [something],0.19330918788909912,Moving [something] down,0.18615387380123138,Showing [something] to the camera,0.15227387845516205,276.59974998096004,0.9172460319720173
data/UCF-101/HandstandWalking/v_HandstandWalking_g01_c03.avi,HandstandWalking,Showing [something] to the camera,0.9879459142684937,Twisting [something],0.0023298098240047693,Putting [something] onto [something],0.001957146218046546,277.79570798156783,0.03830966342762759
data/UCF-101/HandstandWalking/v_HandstandWalking_g01_c04.avi,HandstandWalking,Showing [something] to the camera,0.48759743571281433,Trying to bend [something unbendable] so nothing happens,0.10651605576276779,Moving [something] away from the camera,0.08443943411111832,276.94904201780446,0.7974733403463571
data/UCF-101/HandstandWalking/v_HandstandWalking_g02_c01.avi,HandstandWalking,[Something] falling like a feather or paper,0.1062251403927803,Attaching [something] to [something],0.04681507870554924,Putting [something] on a surface,0.04603886604309082,276.8315419962164,0.5232241524070581
data/UCF-101/HandstandWalking/v_HandstandWalking_g02_c02.avi,HandstandWalking,Sprinkling [something] onto [something],0.08293230086565018,[Something] falling like a rock,0.057226862758398056,Pretending to pick [something] up,0.04809635877609253,277.40637498209253,0.5161405493134563
data/UCF-101/HandstandWalking/v_HandstandWalking_g02_c03.avi,HandstandWalking,Pretending to sprinkle air onto [something],0.10346504300832748,Sprinkling [something] onto [something],0.09159562736749649,Pretending to open [something] without actually opening it,0.08050365746021271,276.4007920050062,0.6564854249909563
data/UCF-101/HandstandWalking/v_HandstandWalking_g02_c04.avi,HandstandWalking,Pretending to pick [something] up,0.20682956278324127,Throwing [something] in the air and catching it,0.1214984804391861,Pretending to open [something] without actually opening it,0.07974321395158768,276.8037090136204,0.7837015676211108
data/UCF-101/HandstandWalking/v_HandstandWalking_g03_c01.avi,HandstandWalking,Spinning [something] so it continues spinning,0.26165446639060974,Twisting [something],0.23012235760688782,Moving [part] of [something],0.15557675063610077,277.19325001817197,0.9783596324103798
data/UCF-101/HandstandWalking/v_HandstandWalking_g03_c02.avi,HandstandWalking,Twisting [something],0.3868436813354492,Moving [part] of [something],0.2173205465078354,Pretending or trying and failing to twist [something],0.07120954990386963,276.8564999860246,0.887257731665042
data/UCF-101/HeadMassage/v_HeadMassage_g01_c01.avi,HeadMassage,Spreading [something] onto [something],0.4273134768009186,Wiping [something] off of [something],0.15973904728889465,Twisting [something],0.09632564336061478,276.3683749944903,0.8817174552923046
data/UCF-101/HeadMassage/v_HeadMassage_g01_c02.avi,HeadMassage,Twisting [something],0.3346917927265167,Stuffing [something] into [something],0.3344149887561798,Piling [something] up,0.041439902037382126,276.8315829744097,0.86456868585397
data/UCF-101/HeadMassage/v_HeadMassage_g01_c03.avi,HeadMassage,Spreading [something] onto [something],0.34208714962005615,Stuffing [something] into [something],0.17794744670391083,Piling [something] up,0.11318624019622803,276.7894580028951,0.9207393882503929
data/UCF-101/HeadMassage/v_HeadMassage_g01_c04.avi,HeadMassage,Spreading [something] onto [something],0.2833672761917114,Moving [part] of [something],0.17866159975528717,Stuffing [something] into [something],0.13374604284763336,276.2992499920074,0.9341033735602644
data/UCF-101/HeadMassage/v_HeadMassage_g01_c05.avi,HeadMassage,Piling [something] up,0.2366790771484375,Spreading [something] onto [something],0.16957323253154755,Twisting [something],0.12274323403835297,276.7729169863742,0.899442752799577
data/UCF-101/HeadMassage/v_HeadMassage_g02_c01.avi,HeadMassage,Pretending to open [something] without actually opening it,0.2726139724254608,Closing [something],0.26586660742759705,Pretending to close [something] without actually closing it,0.11123307049274445,277.73116700700484,0.9508075809643389
data/UCF-101/HeadMassage/v_HeadMassage_g02_c02.avi,HeadMassage,Pretending to open [something] without actually opening it,0.23557989299297333,Touching (without moving) [part] of [something],0.19389262795448303,Closing [something],0.17215344309806824,276.9914160016924,0.9615318208552353
data/UCF-101/HeadMassage/v_HeadMassage_g02_c03.avi,HeadMassage,Squeezing [something],0.19545449316501617,Pretending to open [something] without actually opening it,0.1415737420320511,Pretending to squeeze [something],0.09177964180707932,276.34733298327774,0.8150359914574344
data/UCF-101/HeadMassage/v_HeadMassage_g02_c04.avi,HeadMassage,Stuffing [something] into [something],0.470966637134552,Closing [something],0.15998730063438416,Pretending to open [something] without actually opening it,0.09801704436540604,277.674000011757,0.8754810261615502
data/UCF-101/HeadMassage/v_HeadMassage_g02_c05.avi,HeadMassage,Closing [something],0.23213371634483337,Opening [something],0.12955056130886078,Touching (without moving) [part] of [something],0.08515287935733795,277.57762497640215,0.8135358643916957
data/UCF-101/HighJump/v_HighJump_g01_c01.avi,HighJump,Throwing [something],0.23536010086536407,Throwing [something] onto a surface,0.18251673877239227,Throwing [something] in the air and letting it fall,0.10796509683132172,278.25816700351425,0.8912507838306687
data/UCF-101/HighJump/v_HighJump_g01_c02.avi,HighJump,Throwing [something] in the air and letting it fall,0.19440896809101105,Throwing [something],0.14887243509292603,Throwing [something] against [something],0.14791928231716156,278.15941598964855,0.884640341589035
data/UCF-101/HighJump/v_HighJump_g01_c03.avi,HighJump,Throwing [something],0.3067731261253357,Throwing [something] against [something],0.1197957843542099,Throwing [something] in the air and letting it fall,0.11216800659894943,276.8906249839347,0.8620965545701732
data/UCF-101/HighJump/v_HighJump_g01_c04.avi,HighJump,Throwing [something] in the air and catching it,0.3883291780948639,Throwing [something] in the air and letting it fall,0.20989534258842468,Throwing [something],0.14981408417224884,277.79350001947023,0.9793997265954616
data/UCF-101/HighJump/v_HighJump_g01_c05.avi,HighJump,Turning [something] upside down,0.1556675285100937,Throwing [something] onto a surface,0.1244582086801529,Throwing [something],0.07576942443847656,276.7151249863673,0.7443805838013273
data/UCF-101/HighJump/v_HighJump_g02_c01.avi,HighJump,Throwing [something] in the air and letting it fall,0.4723048210144043,Throwing [something] in the air and catching it,0.33195191621780396,Throwing [something],0.045180946588516235,279.07387498999014,0.8602843460177061
data/UCF-101/HighJump/v_HighJump_g02_c02.avi,HighJump,Throwing [something] in the air and letting it fall,0.31779980659484863,Throwing [something] in the air and catching it,0.2010660022497177,Turning [something] upside down,0.06155268847942352,280.2035420027096,0.858439401189758
data/UCF-101/HighJump/v_HighJump_g02_c03.avi,HighJump,Throwing [something] in the air and catching it,0.2941954433917999,Throwing [something] in the air and letting it fall,0.18471041321754456,Turning [something] upside down,0.16940146684646606,276.9447909959126,0.9726905256787841
data/UCF-101/HighJump/v_HighJump_g02_c04.avi,HighJump,Throwing [something] in the air and catching it,0.6951015591621399,Throwing [something] in the air and letting it fall,0.10001847892999649,Throwing [something],0.021078532561659813,283.18658299394883,0.564441748964902
data/UCF-101/HighJump/v_HighJump_g02_c05.avi,HighJump,Turning [something] upside down,0.49628517031669617,Throwing [something] in the air and letting it fall,0.144492045044899,Throwing [something] in the air and catching it,0.09795776009559631,279.40720901824534,0.8548012976142901
data/UCF-101/HorseRace/v_HorseRace_g01_c01.avi,HorseRace,Showing [something] behind [something],0.2921109199523926,Moving away from [something] with your camera,0.18938492238521576,Turning the camera right while filming [something],0.13718776404857635,277.1776670124382,0.9471199904572427
data/UCF-101/HorseRace/v_HorseRace_g01_c02.avi,HorseRace,Showing a photo of [something] to the camera,0.419757217168808,Turning the camera right while filming [something],0.22662849724292755,Approaching [something] with your camera,0.07866767793893814,277.24329198827036,0.9008138364952061
data/UCF-101/HorseRace/v_HorseRace_g01_c03.avi,HorseRace,Moving away from [something] with your camera,0.4728788435459137,Showing a photo of [something] to the camera,0.23720133304595947,Turning the camera right while filming [something],0.17509938776493073,279.2491249856539,1.0005361934252517
data/UCF-101/HorseRace/v_HorseRace_g01_c04.avi,HorseRace,Turning the camera right while filming [something],0.7992489337921143,Showing a photo of [something] to the camera,0.08403985947370529,Showing [something] next to [something],0.042649440467357635,278.45766601967625,0.5217675953426706
data/UCF-101/HorseRace/v_HorseRace_g02_c01.avi,HorseRace,Showing [something] behind [something],0.7197398543357849,Moving [something] and [something] so they pass each other,0.06875738501548767,Showing a photo of [something] to the camera,0.052568983286619186,276.74054098315537,0.5756215757036768
data/UCF-101/HorseRace/v_HorseRace_g02_c02.avi,HorseRace,Showing [something] behind [something],0.3597530722618103,Moving [something] and [something] so they pass each other,0.23186583817005157,Showing a photo of [something] to the camera,0.12009331583976746,279.1278329968918,0.9612194089086792
data/UCF-101/HorseRace/v_HorseRace_g02_c03.avi,HorseRace,Showing [something] behind [something],0.8281484246253967,Showing a photo of [something] to the camera,0.05948248133063316,Pulling [something] from left to right,0.01653396151959896,278.49654099554755,0.39184989655698155
data/UCF-101/HorseRace/v_HorseRace_g02_c04.avi,HorseRace,Showing [something] behind [something],0.8161543011665344,Showing a photo of [something] to the camera,0.06061220169067383,Showing [something] to the camera,0.025287898257374763,276.88591700280085,0.4287094157903467
data/UCF-101/HorseRace/v_HorseRace_g03_c01.avi,HorseRace,Turning the camera right while filming [something],0.594199001789093,Showing a photo of [something] to the camera,0.13303475081920624,Moving away from [something] with your camera,0.05182221531867981,277.8239159961231,0.7310457681428817
data/UCF-101/HorseRace/v_HorseRace_g03_c02.avi,HorseRace,Approaching [something] with your camera,0.3448072671890259,Showing a photo of [something] to the camera,0.14605098962783813,Turning the camera right while filming [something],0.12416299432516098,278.53454201249406,0.9071370201676872
data/UCF-101/HorseRiding/v_HorseRiding_g01_c01.avi,HorseRiding,Turning the camera left while filming [something],0.5458609461784363,Approaching [something] with your camera,0.24660329520702362,Moving away from [something] with your camera,0.07845654338598251,279.5577910146676,0.8753860025837317
data/UCF-101/HorseRiding/v_HorseRiding_g01_c02.avi,HorseRiding,Moving away from [something] with your camera,0.7958523035049438,Turning the camera left while filming [something],0.10376489907503128,Moving [something] away from the camera,0.07537081092596054,276.3190410041716,0.6116776568939093
data/UCF-101/HorseRiding/v_HorseRiding_g01_c03.avi,HorseRiding,Approaching [something] with your camera,0.4275941252708435,Showing [something] behind [something],0.08474042266607285,Moving [something] up,0.03731090575456619,279.20291599002667,0.69512469256037
data/UCF-101/HorseRiding/v_HorseRiding_g01_c04.avi,HorseRiding,Approaching [something] with your camera,0.31447041034698486,Turning the camera left while filming [something],0.13199090957641602,Turning the camera right while filming [something],0.07180880010128021,279.6429579902906,0.8202107296067522
data/UCF-101/HorseRiding/v_HorseRiding_g01_c05.avi,HorseRiding,Turning the camera left while filming [something],0.2791132926940918,Approaching [something] with your camera,0.2501533031463623,Moving away from [something] with your camera,0.24240638315677643,278.34020799491554,1.04634341335389
data/UCF-101/HorseRiding/v_HorseRiding_g01_c06.avi,HorseRiding,Turning the camera left while filming [something],0.8302804231643677,Showing [something] behind [something],0.06361007690429688,Approaching [something] with your camera,0.02742263674736023,279.6077910170425,0.42829243399189953
data/UCF-101/HorseRiding/v_HorseRiding_g01_c07.avi,HorseRiding,Turning the camera left while filming [something],0.34918755292892456,Turning the camera right while filming [something],0.1395237147808075,Approaching [something] with your camera,0.13444720208644867,278.1953339872416,0.9119707303737961
data/UCF-101/HorseRiding/v_HorseRiding_g02_c01.avi,HorseRiding,Showing [something] to the camera,0.34740808606147766,Moving away from [something] with your camera,0.167015939950943,Turning the camera right while filming [something],0.08398973941802979,279.4330839824397,0.8742494180399871
data/UCF-101/HorseRiding/v_HorseRiding_g02_c02.avi,HorseRiding,Turning the camera right while filming [something],0.45681852102279663,Turning the camera left while filming [something],0.15943597257137299,Showing [something] to the camera,0.12836821377277374,277.7525409765076,0.9141666298216173
data/UCF-101/HorseRiding/v_HorseRiding_g02_c03.avi,HorseRiding,Turning the camera left while filming [something],0.4165857136249542,Showing [something] to the camera,0.14743147790431976,Turning the camera right while filming [something],0.09841868281364441,279.56504200119525,0.8752164610431007
data/UCF-101/HulaHoop/v_HulaHoop_g01_c01.avi,HulaHoop,Spinning [something] so it continues spinning,0.8919360637664795,Pushing [something] so it spins,0.059287719428539276,Spinning [something] that quickly stops spinning,0.019180655479431152,277.1966670115944,0.3453487789854331
data/UCF-101/HulaHoop/v_HulaHoop_g01_c02.avi,HulaHoop,Spinning [something] so it continues spinning,0.8429476618766785,Pushing [something] so it spins,0.060576148331165314,Spinning [something] that quickly stops spinning,0.029289288446307182,276.28345901030116,0.41727144266492944
data/UCF-101/HulaHoop/v_HulaHoop_g01_c03.avi,HulaHoop,Spinning [something] so it continues spinning,0.8971817493438721,Pushing [something] so it spins,0.08409234881401062,Spinning [something] that quickly stops spinning,0.0068117654882371426,279.68308300478384,0.33952514613238693
data/UCF-101/HulaHoop/v_HulaHoop_g01_c04.avi,HulaHoop,Spinning [something] so it continues spinning,0.8672118782997131,Pushing [something] so it spins,0.0904526337981224,Spinning [something] that quickly stops spinning,0.017435526475310326,280.38062501582317,0.4115053456783806
data/UCF-101/HulaHoop/v_HulaHoop_g01_c05.avi,HulaHoop,Spinning [something] so it continues spinning,0.8443911671638489,Pushing [something] so it spins,0.11525361984968185,Hitting [something] with [something],0.014001497067511082,278.12720797373913,0.4516057975319277
data/UCF-101/HulaHoop/v_HulaHoop_g01_c06.avi,HulaHoop,Spinning [something] so it continues spinning,0.853598415851593,Pushing [something] so it spins,0.11434926092624664,Spinning [something] that quickly stops spinning,0.011986528523266315,277.32674998696893,0.4361140669202359
data/UCF-101/HulaHoop/v_HulaHoop_g01_c07.avi,HulaHoop,Spinning [something] so it continues spinning,0.8783007264137268,Pushing [something] so it spins,0.08372803032398224,Spinning [something] that quickly stops spinning,0.02219242788851261,277.5229589897208,0.406143340888441
data/UCF-101/HulaHoop/v_HulaHoop_g02_c01.avi,HulaHoop,Spinning [something] so it continues spinning,0.6987733840942383,Pushing [something] so it spins,0.22344791889190674,Spinning [something] that quickly stops spinning,0.035510845482349396,278.74745801091194,0.703846650486726
data/UCF-101/HulaHoop/v_HulaHoop_g02_c02.avi,HulaHoop,Spinning [something] so it continues spinning,0.6744358539581299,Pushing [something] so it spins,0.2505418658256531,Spinning [something] that quickly stops spinning,0.025162644684314728,277.94320799876004,0.7050870370412144
data/UCF-101/HulaHoop/v_HulaHoop_g02_c03.avi,HulaHoop,Spinning [something] so it continues spinning,0.6298277378082275,Pushing [something] so it spins,0.23775604367256165,Spinning [something] that quickly stops spinning,0.04388609528541565,279.14875000715256,0.7699088150905504
data/UCF-101/IceDancing/v_IceDancing_g01_c01.avi,IceDancing,Spinning [something] so it continues spinning,0.4066866338253021,Throwing [something] in the air and catching it,0.2606078088283539,Pushing [something] so it spins,0.06369514018297195,279.2574580234941,0.8917443046553803
data/UCF-101/IceDancing/v_IceDancing_g01_c02.avi,IceDancing,Throwing [something] in the air and catching it,0.4944358170032501,Spinning [something] so it continues spinning,0.26199278235435486,Twisting [something],0.057860858738422394,277.7252090163529,0.8640599800382617
data/UCF-101/IceDancing/v_IceDancing_g01_c03.avi,IceDancing,Spinning [something] so it continues spinning,0.4006950855255127,Throwing [something] in the air and catching it,0.24053438007831573,Twisting [something],0.1293412148952484,278.46500001032837,0.9737348307857849
data/UCF-101/IceDancing/v_IceDancing_g01_c04.avi,IceDancing,Spinning [something] so it continues spinning,0.667294442653656,Throwing [something] in the air and catching it,0.10886190086603165,Twisting [something],0.04406685382127762,278.41870801057667,0.6489356815745841
data/UCF-101/IceDancing/v_IceDancing_g01_c05.avi,IceDancing,Spinning [something] so it continues spinning,0.538803219795227,Throwing [something] in the air and catching it,0.21442089974880219,Twisting [something],0.05610571801662445,277.99766600946896,0.8249804174383124
data/UCF-101/IceDancing/v_IceDancing_g01_c06.avi,IceDancing,Twisting [something],0.24295209348201752,Throwing [something] in the air and catching it,0.2326754778623581,Spinning [something] so it continues spinning,0.22164666652679443,278.7849160085898,1.016965860900192
data/UCF-101/IceDancing/v_IceDancing_g01_c07.avi,IceDancing,Twisting [something],0.6418424248695374,Spinning [something] so it continues spinning,0.18043255805969238,Throwing [something] in the air and catching it,0.053928766399621964,278.2573330041487,0.7510502296509907
data/UCF-101/IceDancing/v_IceDancing_g02_c01.avi,IceDancing,Spinning [something] so it continues spinning,0.16741330921649933,Showing [something] to the camera,0.1435316950082779,Twisting [something],0.12368474900722504,278.4126250189729,0.8363432212976764
data/UCF-101/IceDancing/v_IceDancing_g02_c02.avi,IceDancing,Spinning [something] so it continues spinning,0.383714497089386,Twisting [something],0.20038215816020966,Throwing [something] in the air and catching it,0.046704262495040894,277.15566600090824,0.8327616608744268
data/UCF-101/IceDancing/v_IceDancing_g02_c03.avi,IceDancing,Twisting [something],0.34240418672561646,Spinning [something] so it continues spinning,0.2599164843559265,Pushing [something] so it spins,0.06125404313206673,277.9933749989141,0.8882521499024485
data/UCF-101/JavelinThrow/v_JavelinThrow_g01_c01.avi,JavelinThrow,Spinning [something] so it continues spinning,0.30194151401519775,Letting [something] roll down a slanted surface,0.1545398086309433,Letting [something] roll along a flat surface,0.14660196006298065,277.7218749979511,0.9316350874203806
data/UCF-101/JavelinThrow/v_JavelinThrow_g01_c02.avi,JavelinThrow,Throwing [something] onto a surface,0.25483736395835876,Spinning [something] so it continues spinning,0.18992328643798828,Letting [something] roll down a slanted surface,0.1490071713924408,277.1711669920478,0.9475579803270247
data/UCF-101/JavelinThrow/v_JavelinThrow_g01_c03.avi,JavelinThrow,Spinning [something] so it continues spinning,0.30078524351119995,Letting [something] roll down a slanted surface,0.26731377840042114,Letting [something] roll along a flat surface,0.1725805550813675,281.09895798843354,1.0172318865471657
data/UCF-101/JavelinThrow/v_JavelinThrow_g01_c04.avi,JavelinThrow,Spinning [something] so it continues spinning,0.37902504205703735,Throwing [something] onto a surface,0.13644523918628693,Letting [something] roll along a flat surface,0.09102892875671387,278.6512080056127,0.8576461864085627
data/UCF-101/JavelinThrow/v_JavelinThrow_g02_c01.avi,JavelinThrow,Turning the camera left while filming [something],0.7088260650634766,Throwing [something],0.049732573330402374,Throwing [something] in the air and letting it fall,0.017203345894813538,278.07216698420234,0.46308240383024757
data/UCF-101/JavelinThrow/v_JavelinThrow_g02_c02.avi,JavelinThrow,Turning the camera left while filming [something],0.6927549242973328,Spilling [something] behind [something],0.050827834755182266,Approaching [something] with your camera,0.019297922030091286,277.1413750015199,0.4819112334196498
data/UCF-101/JavelinThrow/v_JavelinThrow_g02_c03.avi,JavelinThrow,Turning the camera left while filming [something],0.28330761194229126,Throwing [something],0.18518967926502228,[Something] falling like a feather or paper,0.14620767533779144,277.4309579981491,0.9507304600924307
data/UCF-101/JavelinThrow/v_JavelinThrow_g02_c04.avi,JavelinThrow,Turning the camera left while filming [something],0.9991171956062317,Moving away from [something] with your camera,0.0002894517092499882,Approaching [something] with your camera,0.00018150742107536644,279.3307909741998,0.004804272271053128
data/UCF-101/JavelinThrow/v_JavelinThrow_g03_c01.avi,JavelinThrow,Pulling [something] from left to right,0.1498979777097702,Pulling [something] from right to left,0.12231376022100449,Turning the camera left while filming [something],0.0943768247961998,277.46995800407603,0.7642506127943789
data/UCF-101/JavelinThrow/v_JavelinThrow_g03_c02.avi,JavelinThrow,Throwing [something],0.19381403923034668,Pretending to throw [something],0.14292776584625244,Throwing [something] in the air and letting it fall,0.12944918870925903,278.0037079937756,0.8607294795298965
data/UCF-101/JugglingBalls/v_JugglingBalls_g01_c01.avi,JugglingBalls,Throwing [something] in the air and catching it,0.5828230381011963,Throwing [something],0.2465289980173111,Throwing [something] in the air and letting it fall,0.03214229643344879,278.56662499834783,0.7703499983044542
data/UCF-101/JugglingBalls/v_JugglingBalls_g01_c02.avi,JugglingBalls,Throwing [something] in the air and catching it,0.6191352605819702,Throwing [something],0.1931179165840149,Throwing [something] in the air and letting it fall,0.05158668011426926,279.61433402379043,0.7673348352292506
data/UCF-101/JugglingBalls/v_JugglingBalls_g01_c03.avi,JugglingBalls,Throwing [something] in the air and catching it,0.4731137752532959,Spinning [something] so it continues spinning,0.15989647805690765,Squeezing [something],0.10213236510753632,275.58662500814535,0.8802278494786451
data/UCF-101/JugglingBalls/v_JugglingBalls_g01_c04.avi,JugglingBalls,Throwing [something] in the air and catching it,0.7241261005401611,Pretending to throw [something],0.06069973111152649,Throwing [something],0.058680228888988495,275.90025000972673,0.570206679823507
data/UCF-101/JugglingBalls/v_JugglingBalls_g02_c01.avi,JugglingBalls,Throwing [something] in the air and catching it,0.4343705177307129,Spinning [something] so it continues spinning,0.22779756784439087,[Something] colliding with [something] and both are being deflected,0.10233182460069656,275.68287498434074,0.9324524582026228
data/UCF-101/JugglingBalls/v_JugglingBalls_g02_c02.avi,JugglingBalls,Throwing [something] in the air and catching it,0.39740803837776184,Spinning [something] so it continues spinning,0.18478503823280334,[Something] colliding with [something] and both are being deflected,0.09995764493942261,274.38762498786673,0.9089491863229917
data/UCF-101/JugglingBalls/v_JugglingBalls_g02_c03.avi,JugglingBalls,Throwing [something] in the air and catching it,0.4545322060585022,Hitting [something] with [something],0.14935772120952606,[Something] colliding with [something] and both are being deflected,0.11351261287927628,278.2238329818938,0.889368364556358
data/UCF-101/JugglingBalls/v_JugglingBalls_g02_c04.avi,JugglingBalls,[Something] colliding with [something] and both are being deflected,0.3051047623157501,Spinning [something] so it continues spinning,0.2257925122976303,Throwing [something] in the air and catching it,0.18254558742046356,279.19333399040624,1.0086658658315528
data/UCF-101/JugglingBalls/v_JugglingBalls_g02_c05.avi,JugglingBalls,Throwing [something] in the air and catching it,0.48238223791122437,[Something] colliding with [something] and both are being deflected,0.16905231773853302,Spinning [something] so it continues spinning,0.07873187214136124,276.8760000180919,0.8522773682708396
data/UCF-101/JugglingBalls/v_JugglingBalls_g02_c06.avi,JugglingBalls,Spinning [something] so it continues spinning,0.3717808425426483,Throwing [something] in the air and catching it,0.24166564643383026,[Something] colliding with [something] and both are being deflected,0.09765306115150452,275.97050002077594,0.9382460728967544
data/UCF-101/JumpRope/v_JumpRope_g01_c01.avi,JumpRope,Throwing [something] in the air and catching it,0.17526419460773468,Squeezing [something],0.10115586221218109,Showing that [something] is empty,0.08150029182434082,279.88245798042044,0.7413065298437449
data/UCF-101/JumpRope/v_JumpRope_g01_c02.avi,JumpRope,Spinning [something] so it continues spinning,0.47400668263435364,Throwing [something] in the air and catching it,0.1384679228067398,Showing that [something] is empty,0.07035231590270996,277.4080410017632,0.8143611654258833
data/UCF-101/JumpRope/v_JumpRope_g01_c03.avi,JumpRope,Spinning [something] so it continues spinning,0.6521462202072144,Throwing [something] in the air and catching it,0.13594532012939453,Pushing [something] so it spins,0.03302817791700363,280.01375001622364,0.6627020276841764
data/UCF-101/JumpRope/v_JumpRope_g01_c04.avi,JumpRope,Spinning [something] so it continues spinning,0.3017382323741913,Throwing [something] in the air and catching it,0.3007561266422272,Spreading [something] onto [something],0.06270810216665268,278.486499999417,0.8965418141898135
data/UCF-101/JumpRope/v_JumpRope_g02_c01.avi,JumpRope,Throwing [something] in the air and catching it,0.6624841094017029,Hitting [something] with [something],0.07287898659706116,Spinning [something] so it continues spinning,0.05393245816230774,280.38850001757964,0.6211343884282683
data/UCF-101/JumpRope/v_JumpRope_g02_c02.avi,JumpRope,Hitting [something] with [something],0.4740023910999298,Throwing [something] in the air and catching it,0.22935044765472412,Spinning [something] so it continues spinning,0.04045483469963074,281.2138749868609,0.8213442798538899
data/UCF-101/JumpRope/v_JumpRope_g02_c03.avi,JumpRope,Throwing [something] in the air and catching it,0.6625350713729858,Spinning [something] so it continues spinning,0.0631621703505516,Hitting [something] with [something],0.05663580447435379,278.47166598076,0.6098185214429298
data/UCF-101/JumpRope/v_JumpRope_g02_c04.avi,JumpRope,Hitting [something] with [something],0.23107020556926727,Throwing [something] in the air and catching it,0.1398254930973053,Spinning [something] so it continues spinning,0.13308799266815186,280.572208983358,0.8820172475925496
data/UCF-101/JumpRope/v_JumpRope_g02_c05.avi,JumpRope,Throwing [something] in the air and catching it,0.2784450948238373,Hitting [something] with [something],0.221525639295578,Spinning [something] so it continues spinning,0.11874240636825562,278.13237498048693,0.9429049998448796
data/UCF-101/JumpRope/v_JumpRope_g02_c06.avi,JumpRope,Throwing [something] in the air and catching it,0.6497601270675659,Throwing [something] in the air and letting it fall,0.0728410929441452,Hitting [something] with [something],0.04620247334241867,276.64158298284747,0.6130105728073355
data/UCF-101/JumpingJack/v_JumpingJack_g01_c01.avi,JumpingJack,Throwing [something] in the air and letting it fall,0.22484806180000305,Throwing [something] in the air and catching it,0.16272428631782532,Spinning [something] so it continues spinning,0.08379349112510681,277.98945899121463,0.8387633339702169
data/UCF-101/JumpingJack/v_JumpingJack_g01_c02.avi,JumpingJack,Throwing [something] in the air and letting it fall,0.2666826844215393,Throwing [something] in the air and catching it,0.13152307271957397,Sprinkling [something] onto [something],0.06849000602960587,277.8294169984292,0.8029038544690402
data/UCF-101/JumpingJack/v_JumpingJack_g01_c03.avi,JumpingJack,Throwing [something] in the air and catching it,0.46155449748039246,Throwing [something] in the air and letting it fall,0.2756919860839844,Pretending to sprinkle air onto [something],0.0829012542963028,277.300165995257,0.9185072057873654
data/UCF-101/JumpingJack/v_JumpingJack_g01_c04.avi,JumpingJack,Throwing [something] in the air and letting it fall,0.33216315507888794,Throwing [something] in the air and catching it,0.1654399335384369,Showing that [something] is empty,0.05595327541232109,278.4974999958649,0.8250640473898381
data/UCF-101/JumpingJack/v_JumpingJack_g01_c05.avi,JumpingJack,Throwing [something] in the air and letting it fall,0.2515600621700287,Throwing [something] in the air and catching it,0.13179831206798553,Spinning [something] so it continues spinning,0.12837634980678558,279.4499160081614,0.877787914961105
data/UCF-101/JumpingJack/v_JumpingJack_g01_c06.avi,JumpingJack,Throwing [something] in the air and letting it fall,0.3280656635761261,Throwing [something] in the air and catching it,0.17506757378578186,Spinning [something] so it continues spinning,0.06979694217443466,278.1170420057606,0.8565235980687828
data/UCF-101/JumpingJack/v_JumpingJack_g01_c07.avi,JumpingJack,Throwing [something] in the air and letting it fall,0.3188015818595886,Throwing [something] in the air and catching it,0.1893787980079651,Spinning [something] so it continues spinning,0.08400464802980423,276.826000015717,0.887646785065123
data/UCF-101/JumpingJack/v_JumpingJack_g02_c01.avi,JumpingJack,Spinning [something] so it continues spinning,0.24600426852703094,Throwing [something] in the air and letting it fall,0.18005721271038055,Throwing [something] in the air and catching it,0.1627579927444458,279.2296669795178,0.9491882145939975
data/UCF-101/JumpingJack/v_JumpingJack_g02_c02.avi,JumpingJack,Throwing [something] in the air and letting it fall,0.25602206587791443,Spinning [something] so it continues spinning,0.1833401471376419,Throwing [something] in the air and catching it,0.08068636804819107,279.85233298386447,0.862950940322567
data/UCF-101/JumpingJack/v_JumpingJack_g02_c03.avi,JumpingJack,Throwing [something] in the air and letting it fall,0.26388803124427795,Throwing [something] in the air and catching it,0.2017265409231186,Spinning [something] so it continues spinning,0.17489096522331238,278.63587500178255,0.9794306103433128
data/UCF-101/Kayaking/v_Kayaking_g01_c01.avi,Kayaking,Hitting [something] with [something],0.9694936871528625,Spinning [something] so it continues spinning,0.004139173775911331,Pushing [something] so it spins,0.0030655236914753914,280.139333975967,0.07049074001681097
data/UCF-101/Kayaking/v_Kayaking_g01_c02.avi,Kayaking,Hitting [something] with [something],0.7570803761482239,Holding [something],0.025571465492248535,Holding [something] behind [something],0.024518538266420364,279.2455409944523,0.3953595922540817
data/UCF-101/Kayaking/v_Kayaking_g01_c03.avi,Kayaking,Hitting [something] with [something],0.7678821086883545,Spinning [something] so it continues spinning,0.03429211676120758,Spinning [something] that quickly stops spinning,0.01919621415436268,279.1677920031361,0.39435756219400303
data/UCF-101/Kayaking/v_Kayaking_g01_c04.avi,Kayaking,Hitting [something] with [something],0.8357820510864258,Holding [something] behind [something],0.03140166774392128,Pushing [something] so it spins,0.015169271267950535,278.69583398569375,0.3221428673215512
data/UCF-101/Kayaking/v_Kayaking_g01_c05.avi,Kayaking,Hitting [something] with [something],0.37759068608283997,Pouring [something] into [something],0.04481117054820061,Holding [something] behind [something],0.04419326409697533,278.3458339981735,0.6447512799882908
data/UCF-101/Kayaking/v_Kayaking_g01_c06.avi,Kayaking,Spilling [something] behind [something],0.3171260952949524,Holding [something] behind [something],0.19283132255077362,Showing [something] behind [something],0.09029508382081985,277.46262500295416,0.8987240697178767
data/UCF-101/Kayaking/v_Kayaking_g02_c01.avi,Kayaking,Spinning [something] so it continues spinning,0.2853805720806122,Spinning [something] that quickly stops spinning,0.13929417729377747,Hitting [something] with [something],0.11687164753675461,278.3555420173798,0.8833057529223604
data/UCF-101/Kayaking/v_Kayaking_g02_c02.avi,Kayaking,Moving [something] down,0.13434676826000214,Spinning [something] so it continues spinning,0.09453746676445007,Burying [something] in [something],0.07840036600828171,278.8719160016626,0.6922711212471794
data/UCF-101/Kayaking/v_Kayaking_g02_c03.avi,Kayaking,Moving [something] down,0.2555012106895447,Pushing [something] so that it falls off the table,0.05313878506422043,"Putting [something] that can't roll onto a slanted surface, so it slides down",0.051027484238147736,280.10729199741036,0.6564195684184071
data/UCF-101/Kayaking/v_Kayaking_g02_c04.avi,Kayaking,Moving [something] down,0.22867834568023682,Closing [something],0.08597514778375626,Pulling [something] from left to right,0.08227982372045517,277.117958990857,0.7538623846148002
data/UCF-101/Knitting/v_Knitting_g01_c01.avi,Knitting,Pretending to be tearing [something that is not tearable],0.2376600205898285,Trying but failing to attach [something] to [something] because it doesn't stick,0.2237112671136856,Squeezing [something],0.08420895785093307,278.7288750114385,0.8848532652188787
data/UCF-101/Knitting/v_Knitting_g01_c02.avi,Knitting,Squeezing [something],0.19461604952812195,Pretending to be tearing [something that is not tearable],0.17042165994644165,Attaching [something] to [something],0.10127934068441391,277.3410410154611,0.852007726606135
data/UCF-101/Knitting/v_Knitting_g01_c03.avi,Knitting,Squeezing [something],0.2731877863407135,Pretending to squeeze [something],0.16946186125278473,Pretending to be tearing [something that is not tearable],0.13595299422740936,276.8204170279205,0.9265906002596243
data/UCF-101/Knitting/v_Knitting_g01_c04.avi,Knitting,Squeezing [something],0.3664938807487488,Twisting [something],0.24654221534729004,Pretending to be tearing [something that is not tearable],0.06506886333227158,276.3974590052385,0.8908789219661271
data/UCF-101/Knitting/v_Knitting_g02_c01.avi,Knitting,Attaching [something] to [something],0.31423521041870117,Stuffing [something] into [something],0.20837581157684326,Pretending to squeeze [something],0.08845796436071396,278.9656250097323,0.9051127684472593
data/UCF-101/Knitting/v_Knitting_g02_c02.avi,Knitting,Squeezing [something],0.30385956168174744,Pretending to squeeze [something],0.21799518167972565,Attaching [something] to [something],0.09662781655788422,277.7272910170723,0.9198310164122998
data/UCF-101/Knitting/v_Knitting_g02_c03.avi,Knitting,Pretending to squeeze [something],0.3761686086654663,Squeezing [something],0.3601519763469696,Twisting [something],0.05350973829627037,277.29512500809506,0.8922551692275917
data/UCF-101/Knitting/v_Knitting_g02_c04.avi,Knitting,Squeezing [something],0.264925479888916,Pretending to squeeze [something],0.0685390755534172,Bending [something] so that it deforms,0.05658549442887306,277.74145899456926,0.6981247742470107
data/UCF-101/Knitting/v_Knitting_g02_c05.avi,Knitting,Squeezing [something],0.46944618225097656,Bending [something] so that it deforms,0.13886718451976776,Stuffing [something] into [something],0.057106539607048035,278.9277079864405,0.7926394314650583
data/UCF-101/Knitting/v_Knitting_g03_c01.avi,Knitting,Squeezing [something],0.715761661529541,Pretending to squeeze [something],0.20279470086097717,Moving [part] of [something],0.020066604018211365,277.72666700184345,0.6413621010974786
data/UCF-101/LongJump/v_LongJump_g01_c01.avi,LongJump,Sprinkling [something] onto [something],0.39802780747413635,Throwing [something] onto a surface,0.06813561916351318,Throwing [something],0.060100119560956955,276.97729200008325,0.7186922893001979
data/UCF-101/LongJump/v_LongJump_g01_c02.avi,LongJump,Throwing [something] in the air and catching it,0.15648405253887177,Throwing [something],0.14306187629699707,Spinning [something] so it continues spinning,0.08213582634925842,277.73983401129954,0.7737162035715973
data/UCF-101/LongJump/v_LongJump_g01_c03.avi,LongJump,Throwing [something] onto a surface,0.16485923528671265,Approaching [something] with your camera,0.14036086201667786,Sprinkling [something] onto [something],0.07055822014808655,276.7316249955911,0.759861874676137
data/UCF-101/LongJump/v_LongJump_g01_c04.avi,LongJump,Throwing [something] onto a surface,0.4964330792427063,Throwing [something],0.06163235753774643,Approaching [something] with your camera,0.05796387046575546,276.17345898761414,0.6844754855721875
data/UCF-101/LongJump/v_LongJump_g01_c05.avi,LongJump,Throwing [something] onto a surface,0.18013210594654083,Approaching [something] with your camera,0.12695276737213135,Sprinkling [something] onto [something],0.09146690368652344,277.69729201099835,0.7895495492857219
data/UCF-101/LongJump/v_LongJump_g01_c06.avi,LongJump,Throwing [something] onto a surface,0.11652959883213043,Throwing [something] in the air and catching it,0.08523671329021454,Sprinkling [something] onto [something],0.07947879284620285,277.91020800941624,0.6616348787778754
data/UCF-101/LongJump/v_LongJump_g01_c07.avi,LongJump,Throwing [something] onto a surface,0.37741750478744507,Approaching [something] with your camera,0.09884072095155716,Throwing [something] in the air and catching it,0.0972156748175621,277.7000420028344,0.8230911140326104
data/UCF-101/LongJump/v_LongJump_g02_c01.avi,LongJump,Letting [something] roll down a slanted surface,0.28859350085258484,Turning the camera right while filming [something],0.18468908965587616,Throwing [something] in the air and letting it fall,0.06109541654586792,277.1529589954298,0.8413816384778826
data/UCF-101/LongJump/v_LongJump_g02_c02.avi,LongJump,Throwing [something] in the air and letting it fall,0.15906444191932678,Throwing [something] onto a surface,0.1512380689382553,Pulling [something] onto [something],0.10270290821790695,277.6882499747444,0.8118480371804646
data/UCF-101/LongJump/v_LongJump_g02_c03.avi,LongJump,Throwing [something],0.23182064294815063,Throwing [something] in the air and letting it fall,0.15986290574073792,Throwing [something] against [something],0.13636191189289093,278.7797079945449,0.9036655423771576
data/UCF-101/Lunges/v_Lunges_g01_c01.avi,Lunges,Hitting [something] with [something],0.1942518651485443,Turning [something] upside down,0.09715961664915085,Spinning [something] so it continues spinning,0.04549207165837288,277.44933299254626,0.6853993703760806
data/UCF-101/Lunges/v_Lunges_g01_c02.avi,Lunges,Moving [part] of [something],0.2977595329284668,Showing [something] behind [something],0.2567971348762512,Spinning [something] so it continues spinning,0.133689284324646,277.7221249998547,0.9788486859819667
data/UCF-101/Lunges/v_Lunges_g01_c03.avi,Lunges,Spinning [something] so it continues spinning,0.15893347561359406,Pushing [something] so that it slightly moves,0.11486474424600601,Hitting [something] with [something],0.09839216619729996,276.14804200129583,0.769039980633371
data/UCF-101/Lunges/v_Lunges_g01_c04.avi,Lunges,Spinning [something] so it continues spinning,0.21144123375415802,Moving [part] of [something],0.10624371469020844,Showing [something] behind [something],0.09580322355031967,274.1953330114484,0.7914421384482848
data/UCF-101/Lunges/v_Lunges_g01_c05.avi,Lunges,Spinning [something] so it continues spinning,0.22370292246341705,Twisting [something],0.1239718645811081,Moving [part] of [something],0.11279663443565369,275.5163330002688,0.8399383211303537
data/UCF-101/Lunges/v_Lunges_g01_c06.avi,Lunges,Spinning [something] so it continues spinning,0.27595746517181396,Moving [part] of [something],0.07889976352453232,Sprinkling [something] onto [something],0.058715108782052994,276.03624999755993,0.7221303708246593
data/UCF-101/Lunges/v_Lunges_g01_c07.avi,Lunges,Pushing [something] so that it slightly moves,0.15332399308681488,Spinning [something] so it continues spinning,0.1506747305393219,Twisting [something],0.068892702460289,275.6632500095293,0.7569873576521112
data/UCF-101/Lunges/v_Lunges_g02_c01.avi,Lunges,Holding [something],0.13410304486751556,Moving [part] of [something],0.13380514085292816,Spinning [something] so it continues spinning,0.12183357775211334,276.73091701581143,0.7950362191446196
data/UCF-101/Lunges/v_Lunges_g02_c02.avi,Lunges,Holding [something],0.29129543900489807,Pretending to put [something] on a surface,0.18029700219631195,Moving [part] of [something],0.06857296079397202,276.54283298761584,0.8519303220275499
data/UCF-101/Lunges/v_Lunges_g02_c03.avi,Lunges,Holding [something],0.33775898814201355,Showing [something] behind [something],0.09865456074476242,Moving [part] of [something],0.09581585973501205,275.52504200139083,0.8198276660389674
data/UCF-101/MilitaryParade/v_MilitaryParade_g01_c01.avi,MilitaryParade,Turning the camera left while filming [something],0.36826735734939575,Pulling [something] from left to right,0.24324405193328857,Moving [something] and [something] so they pass each other,0.09734988212585449,274.9257500108797,0.9385219980606264
data/UCF-101/MilitaryParade/v_MilitaryParade_g01_c02.avi,MilitaryParade,Turning the camera left while filming [something],0.7437070608139038,Pulling [something] from left to right,0.10622813552618027,Showing [something] behind [something],0.07680916786193848,276.39225000166334,0.6555242460005613
data/UCF-101/MilitaryParade/v_MilitaryParade_g01_c03.avi,MilitaryParade,Turning the camera left while filming [something],0.28950512409210205,Pushing [something] from left to right,0.15647588670253754,Rolling [something] on a flat surface,0.13055197894573212,276.620417018421,0.9149069638010882
data/UCF-101/MilitaryParade/v_MilitaryParade_g01_c04.avi,MilitaryParade,Turning the camera left while filming [something],0.3342849612236023,Pushing [something] from left to right,0.16487625241279602,Pulling [something] from left to right,0.14908261597156525,275.5738330015447,0.9472381135570307
data/UCF-101/MilitaryParade/v_MilitaryParade_g01_c05.avi,MilitaryParade,Showing [something] to the camera,0.3377348482608795,Moving [part] of [something],0.15198901295661926,Showing a photo of [something] to the camera,0.1279194951057434,274.6699170093052,0.9159962436976821
data/UCF-101/MilitaryParade/v_MilitaryParade_g01_c06.avi,MilitaryParade,Showing [something] to the camera,0.4283994436264038,Showing a photo of [something] to the camera,0.1873798668384552,Showing [something] behind [something],0.1820313036441803,275.3420830122195,0.9870477289192845
data/UCF-101/MilitaryParade/v_MilitaryParade_g01_c07.avi,MilitaryParade,Showing a photo of [something] to the camera,0.7034649848937988,Showing [something] to the camera,0.07742182165384293,Showing [something] behind [something],0.07320653647184372,276.0536659916397,0.6369138156166995
data/UCF-101/MilitaryParade/v_MilitaryParade_g02_c01.avi,MilitaryParade,Turning the camera upwards while filming [something],0.17603957653045654,Pushing [something] from left to right,0.16182555258274078,Moving [something] down,0.10051088035106659,274.59929199540056,0.831434171834806
data/UCF-101/MilitaryParade/v_MilitaryParade_g02_c02.avi,MilitaryParade,Showing a photo of [something] to the camera,0.45147767663002014,Turning the camera left while filming [something],0.12369898706674576,Putting [something similar to other things that are already on the table],0.06879720091819763,276.9984159967862,0.8016893828711149
data/UCF-101/MilitaryParade/v_MilitaryParade_g02_c03.avi,MilitaryParade,Pulling [something] from left to right,0.19316329061985016,Pushing [something] from left to right,0.17535774409770966,Spreading [something] onto [something],0.13616812229156494,276.0370000032708,0.8943887301306923
data/UCF-101/Mixing/v_Mixing_g01_c01.avi,Mixing,Spreading [something] onto [something],0.554639458656311,Pouring [something] onto [something],0.1353643387556076,Pouring [something] into [something],0.07735858112573624,275.92704197741114,0.7956087456282132
data/UCF-101/Mixing/v_Mixing_g01_c02.avi,Mixing,Spreading [something] onto [something],0.42455387115478516,Showing that [something] is inside [something],0.07785084843635559,Wiping [something] off of [something],0.061734121292829514,274.23999999882653,0.7343968886641088
data/UCF-101/Mixing/v_Mixing_g01_c03.avi,Mixing,Burying [something] in [something],0.19652169942855835,Stuffing [something] into [something],0.14221641421318054,Digging [something] out of [something],0.11738182604312897,275.6572079961188,0.848586811729491
data/UCF-101/Mixing/v_Mixing_g01_c04.avi,Mixing,Scooping [something] up with [something],0.5473864078521729,Pouring [something] into [something],0.22003677487373352,Pouring [something] into [something] until it overflows,0.04931296035647392,275.6029579904862,0.8113929500074692
data/UCF-101/Mixing/v_Mixing_g01_c05.avi,Mixing,Spreading [something] onto [something],0.9290557503700256,Scooping [something] up with [something],0.026808807626366615,Digging [something] out of [something],0.00926374550908804,273.7912499869708,0.20875731381729437
data/UCF-101/Mixing/v_Mixing_g01_c06.avi,Mixing,Scooping [something] up with [something],0.21775881946086884,Spreading [something] onto [something],0.21301783621311188,Wiping [something] off of [something],0.20287716388702393,275.65687501919456,0.9849712209908186
data/UCF-101/Mixing/v_Mixing_g01_c07.avi,Mixing,Stuffing [something] into [something],0.48822370171546936,Scooping [something] up with [something],0.23870524764060974,Spreading [something] onto [something],0.05034003406763077,275.32462499220856,0.84246289103882
data/UCF-101/Mixing/v_Mixing_g02_c01.avi,Mixing,Pretending to scoop [something] up with [something],0.7620885968208313,Showing that [something] is inside [something],0.12166305631399155,Scooping [something] up with [something],0.047065120190382004,274.8191669816151,0.6071784483888476
data/UCF-101/Mixing/v_Mixing_g02_c02.avi,Mixing,Spreading [something] onto [something],0.4831767678260803,Showing that [something] is inside [something],0.14462867379188538,Pretending to scoop [something] up with [something],0.08021045476198196,274.1743329970632,0.833480642404927
data/UCF-101/Mixing/v_Mixing_g02_c03.avi,Mixing,Showing that [something] is inside [something],0.4172426164150238,Spreading [something] onto [something],0.1950974017381668,Pretending to scoop [something] up with [something],0.1510973870754242,275.96791699761525,0.9690941672747837
data/UCF-101/MoppingFloor/v_MoppingFloor_g01_c01.avi,MoppingFloor,Bending [something] until it breaks,0.22466716170310974,Bending [something] so that it deforms,0.18196721374988556,Pretending or trying and failing to twist [something],0.07640449702739716,275.2537500055041,0.842008120095717
data/UCF-101/MoppingFloor/v_MoppingFloor_g01_c02.avi,MoppingFloor,[Something] colliding with [something] and both come to a halt,0.24418848752975464,[Something] colliding with [something] and both are being deflected,0.22846607863903046,Hitting [something] with [something],0.06849633902311325,273.0533750145696,0.8651974303718092
data/UCF-101/MoppingFloor/v_MoppingFloor_g01_c03.avi,MoppingFloor,Hitting [something] with [something],0.396330863237381,Pretending to put [something] underneath [something],0.2694578170776367,Pushing [something] with [something],0.18839256465435028,275.85524998721667,1.0346283174607591
data/UCF-101/MoppingFloor/v_MoppingFloor_g01_c04.avi,MoppingFloor,Hitting [something] with [something],0.4158840775489807,Trying to bend [something unbendable] so nothing happens,0.2084447741508484,Pushing [something] with [something],0.0939793586730957,275.64300000085495,0.9139648019500122
data/UCF-101/MoppingFloor/v_MoppingFloor_g02_c01.avi,MoppingFloor,Pushing [something] with [something],0.5768777132034302,Wiping [something] off of [something],0.11675465106964111,Pretending to put [something] on a surface,0.03766431659460068,274.3536669877358,0.6916094086879144
data/UCF-101/MoppingFloor/v_MoppingFloor_g02_c02.avi,MoppingFloor,Letting [something] roll along a flat surface,0.23900213837623596,Spinning [something] so it continues spinning,0.07940232008695602,Throwing [something] onto a surface,0.07593599706888199,274.440292007057,0.7389765070438243
data/UCF-101/MoppingFloor/v_MoppingFloor_g02_c03.avi,MoppingFloor,Pulling [something] onto [something],0.22115959227085114,Letting [something] roll along a flat surface,0.08865669369697571,Pushing [something] with [something],0.06300562620162964,274.9427079979796,0.7226959788929417
data/UCF-101/MoppingFloor/v_MoppingFloor_g02_c04.avi,MoppingFloor,Wiping [something] off of [something],0.2758028209209442,Hitting [something] with [something],0.1720789074897766,Pushing [something] with [something],0.11433600634336472,275.01683300943114,0.9060285517019001
data/UCF-101/MoppingFloor/v_MoppingFloor_g02_c05.avi,MoppingFloor,Spinning [something] so it continues spinning,0.454069584608078,Hitting [something] with [something],0.0917314812541008,Moving [something] and [something] so they pass each other,0.0862927958369255,273.0766659951769,0.7890446533090321
data/UCF-101/MoppingFloor/v_MoppingFloor_g02_c06.avi,MoppingFloor,Wiping [something] off of [something],0.6364114880561829,Spinning [something] so it continues spinning,0.05319735407829285,Pretending to spread air onto [something],0.045294005423784256,275.9297080046963,0.5838341789086064
data/UCF-101/Nunchucks/v_Nunchucks_g01_c01.avi,Nunchucks,Throwing [something] in the air and catching it,0.4232596755027771,Throwing [something],0.2009667605161667,Pretending to throw [something],0.1760128289461136,274.8137919988949,0.9921493503031449
data/UCF-101/Nunchucks/v_Nunchucks_g01_c02.avi,Nunchucks,Pretending to throw [something],0.42218726873397827,Throwing [something],0.15806300938129425,Throwing [something] in the air and catching it,0.10842940211296082,274.26162498886697,0.8965361306920038
data/UCF-101/Nunchucks/v_Nunchucks_g01_c03.avi,Nunchucks,Throwing [something] in the air and catching it,0.5337089896202087,Throwing [something],0.1491011679172516,Pretending to throw [something],0.12379514425992966,274.04258301248774,0.8775010386652831
data/UCF-101/Nunchucks/v_Nunchucks_g01_c04.avi,Nunchucks,Throwing [something] in the air and catching it,0.6845260858535767,Spinning [something] so it continues spinning,0.05960935726761818,Hitting [something] with [something],0.055927686393260956,275.2527499978896,0.5888283164500205
data/UCF-101/Nunchucks/v_Nunchucks_g02_c01.avi,Nunchucks,Hitting [something] with [something],0.8515201210975647,Throwing [something] against [something],0.07369492202997208,Spinning [something] so it continues spinning,0.02577577345073223,275.0572079967242,0.4233458858910202
data/UCF-101/Nunchucks/v_Nunchucks_g02_c02.avi,Nunchucks,Hitting [something] with [something],0.5153815746307373,Throwing [something] against [something],0.26552021503448486,Pretending to throw [something],0.06615999341011047,273.26237500528805,0.8733857120454327
data/UCF-101/Nunchucks/v_Nunchucks_g02_c03.avi,Nunchucks,Hitting [something] with [something],0.833079993724823,Throwing [something] against [something],0.07230311632156372,Pretending to throw [something],0.03120475448668003,275.7742920075543,0.4502665849966399
data/UCF-101/Nunchucks/v_Nunchucks_g02_c04.avi,Nunchucks,Hitting [something] with [something],0.6484784483909607,Throwing [something] against [something],0.21233133971691132,Throwing [something] in the air and catching it,0.04911593347787857,276.2947090086527,0.7579177917544981
data/UCF-101/Nunchucks/v_Nunchucks_g02_c05.avi,Nunchucks,Hitting [something] with [something],0.5471289157867432,Throwing [something] against [something],0.12217320501804352,Bending [something] until it breaks,0.093529112637043,274.5759160025045,0.8084197111947525
data/UCF-101/Nunchucks/v_Nunchucks_g02_c06.avi,Nunchucks,Hitting [something] with [something],0.3080269694328308,Pretending to throw [something],0.15398447215557098,Spinning [something] so it continues spinning,0.11679517477750778,274.67949999845587,0.9016109662013101
data/UCF-101/ParallelBars/v_ParallelBars_g01_c01.avi,ParallelBars,[Something] falling like a feather or paper,0.35070574283599854,Throwing [something] in the air and letting it fall,0.3238988220691681,Throwing [something] in the air and catching it,0.17603641748428345,274.69616700545885,1.0383977302857073
data/UCF-101/ParallelBars/v_ParallelBars_g01_c02.avi,ParallelBars,Throwing [something] in the air and letting it fall,0.629218339920044,[Something] falling like a feather or paper,0.13299590349197388,Approaching [something] with your camera,0.08189065009355545,275.1100420136936,0.764733953219545
data/UCF-101/ParallelBars/v_ParallelBars_g01_c03.avi,ParallelBars,Throwing [something] in the air and letting it fall,0.5069594979286194,Turning [something] upside down,0.273044228553772,[Something] falling like a feather or paper,0.05964559689164162,273.3396249823272,0.8669953329820974
data/UCF-101/ParallelBars/v_ParallelBars_g01_c04.avi,ParallelBars,Turning [something] upside down,0.5120306015014648,Throwing [something] in the air and letting it fall,0.1685810685157776,[Something] falling like a feather or paper,0.10854574292898178,274.6828329982236,0.8839046454458493
data/UCF-101/ParallelBars/v_ParallelBars_g02_c01.avi,ParallelBars,Turning [something] upside down,0.5757460594177246,Throwing [something] in the air and letting it fall,0.14384712278842926,Pretending to turn [something] upside down,0.09293980151414871,275.50908297416754,0.8175896869113953
data/UCF-101/ParallelBars/v_ParallelBars_g02_c02.avi,ParallelBars,Turning [something] upside down,0.3768714666366577,Throwing [something] in the air and letting it fall,0.26413220167160034,[Something] falling like a feather or paper,0.22524720430374146,273.6933750275057,1.0551548434478888
data/UCF-101/ParallelBars/v_ParallelBars_g02_c03.avi,ParallelBars,Turning [something] upside down,0.7327345609664917,Throwing [something] in the air and letting it fall,0.07468804717063904,[Something] falling like a feather or paper,0.06495975703001022,275.0915829965379,0.5992322144266504
data/UCF-101/ParallelBars/v_ParallelBars_g02_c04.avi,ParallelBars,Turning [something] upside down,0.8484299778938293,Pretending to turn [something] upside down,0.05008571222424507,Throwing [something] in the air and letting it fall,0.029786955565214157,276.7617499921471,0.3940740720441961
data/UCF-101/ParallelBars/v_ParallelBars_g03_c01.avi,ParallelBars,Turning [something] upside down,0.5902287364006042,Throwing [something] in the air and letting it fall,0.11123881489038467,[Something] falling like a feather or paper,0.10896207392215729,276.6319170186762,0.7970263725868874
data/UCF-101/ParallelBars/v_ParallelBars_g03_c02.avi,ParallelBars,Turning [something] upside down,0.29849502444267273,[Something] falling like a feather or paper,0.2558421790599823,Throwing [something] in the air and letting it fall,0.24854952096939087,274.5909999939613,1.0556528027354815
data/UCF-101/PizzaTossing/v_PizzaTossing_g01_c01.avi,PizzaTossing,[Something] falling like a feather or paper,0.6521195769309998,Throwing [something] in the air and catching it,0.11766728013753891,Throwing [something],0.06585970520973206,276.31887499592267,0.7097479310487729
data/UCF-101/PizzaTossing/v_PizzaTossing_g01_c02.avi,PizzaTossing,Spinning [something] so it continues spinning,0.49331769347190857,Pushing [something] so it spins,0.32333439588546753,Showing that [something] is empty,0.030280370265245438,274.551957991207,0.8195440038195025
data/UCF-101/PizzaTossing/v_PizzaTossing_g01_c03.avi,PizzaTossing,Showing that [something] is empty,0.15911924839019775,Spinning [something] so it continues spinning,0.12252740561962128,Failing to put [something] into [something] because [something] does not fit,0.10707607120275497,274.2330829787534,0.7889449065768901
data/UCF-101/PizzaTossing/v_PizzaTossing_g01_c04.avi,PizzaTossing,Showing that [something] is empty,0.15911924839019775,Spinning [something] so it continues spinning,0.12252740561962128,Failing to put [something] into [something] because [something] does not fit,0.10707607120275497,276.2462090176996,0.7889449065768901
data/UCF-101/PizzaTossing/v_PizzaTossing_g02_c01.avi,PizzaTossing,Pretending to throw [something],0.2636480927467346,Spinning [something] so it continues spinning,0.2568380832672119,Hitting [something] with [something],0.07566146552562714,275.2881670021452,0.8959212921155306
data/UCF-101/PizzaTossing/v_PizzaTossing_g02_c02.avi,PizzaTossing,Throwing [something] in the air and catching it,0.3222409784793854,Spinning [something] so it continues spinning,0.28298434615135193,Pretending to throw [something],0.07167398184537888,275.57654201518744,0.9110586919140793
data/UCF-101/PizzaTossing/v_PizzaTossing_g02_c03.avi,PizzaTossing,Stuffing [something] into [something],0.5967258810997009,Folding [something],0.15075621008872986,Twisting [something],0.06505246460437775,273.57837499585,0.7710923853469199
data/UCF-101/PizzaTossing/v_PizzaTossing_g02_c04.avi,PizzaTossing,Folding [something],0.4438915252685547,Unfolding [something],0.2154880315065384,Spreading [something] onto [something],0.05570143088698387,275.42600000742823,0.852111186989529
data/UCF-101/PizzaTossing/v_PizzaTossing_g02_c05.avi,PizzaTossing,Spinning [something] so it continues spinning,0.38945791125297546,Twisting [something],0.18844479322433472,Pushing [something] so it spins,0.1112605556845665,274.464291986078,0.926078462380556
data/UCF-101/PizzaTossing/v_PizzaTossing_g03_c01.avi,PizzaTossing,Throwing [something] in the air and catching it,0.41450050473213196,Pretending to throw [something],0.13703136146068573,Showing that [something] is empty,0.13459345698356628,273.4259999997448,0.9073255188657101
data/UCF-101/PlayingCello/v_PlayingCello_g01_c01.avi,PlayingCello,Hitting [something] with [something],0.756327748298645,Poking [something] so lightly that it doesn't or almost doesn't move,0.06435588747262955,Pretending to poke [something],0.03723366558551788,274.65795798343606,0.5102957393155778
data/UCF-101/PlayingCello/v_PlayingCello_g01_c02.avi,PlayingCello,Hitting [something] with [something],0.6877644658088684,Moving [part] of [something],0.08885954320430756,Poking [something] so lightly that it doesn't or almost doesn't move,0.035785794258117676,275.03345799050294,0.591712475208287
data/UCF-101/PlayingCello/v_PlayingCello_g01_c03.avi,PlayingCello,Hitting [something] with [something],0.4983714520931244,Moving [part] of [something],0.1682087928056717,Wiping [something] off of [something],0.07879074662923813,275.8958330086898,0.8471152313691496
data/UCF-101/PlayingCello/v_PlayingCello_g01_c04.avi,PlayingCello,Hitting [something] with [something],0.6829182505607605,Moving [part] of [something],0.07513261586427689,Pushing [something] so it spins,0.05686178803443909,275.2492499712389,0.6179624942917825
data/UCF-101/PlayingCello/v_PlayingCello_g01_c05.avi,PlayingCello,Hitting [something] with [something],0.6504997611045837,Moving [part] of [something],0.13967573642730713,Holding [something] in front of [something],0.047649186104536057,275.38016700418666,0.6997052476113244
data/UCF-101/PlayingCello/v_PlayingCello_g01_c06.avi,PlayingCello,Hitting [something] with [something],0.74655681848526,Moving [part] of [something],0.07724689692258835,Pushing [something] so it spins,0.030355598777532578,275.30729098361917,0.5221021227806122
data/UCF-101/PlayingCello/v_PlayingCello_g01_c07.avi,PlayingCello,Hitting [something] with [something],0.6180355548858643,Moving [part] of [something],0.07491089403629303,Holding [something] in front of [something],0.0634971633553505,274.7915420040954,0.6665791759972242
data/UCF-101/PlayingCello/v_PlayingCello_g02_c01.avi,PlayingCello,Moving [part] of [something],0.3718423545360565,Hitting [something] with [something],0.17504405975341797,Spinning [something] that quickly stops spinning,0.09436576813459396,275.6075830257032,0.895668182266556
data/UCF-101/PlayingCello/v_PlayingCello_g02_c02.avi,PlayingCello,Hitting [something] with [something],0.49385616183280945,Spinning [something] so it continues spinning,0.1347484290599823,Moving [part] of [something],0.12273968756198883,275.78079199884087,0.8759731370125584
data/UCF-101/PlayingCello/v_PlayingCello_g02_c03.avi,PlayingCello,Moving [part] of [something],0.3174106180667877,Hitting [something] with [something],0.18799366056919098,Spinning [something] that quickly stops spinning,0.101282998919487,274.71229201182723,0.9103715936247725
data/UCF-101/PlayingDaf/v_PlayingDaf_g01_c01.avi,PlayingDaf,Pushing [something] so it spins,0.5412464737892151,Spinning [something] so it continues spinning,0.1389148086309433,Hitting [something] with [something],0.1282687932252884,274.79454199783504,0.8698801209918103
data/UCF-101/PlayingDaf/v_PlayingDaf_g01_c02.avi,PlayingDaf,Pushing [something] so it spins,0.45727303624153137,Hitting [something] with [something],0.18317271769046783,Pretending to spread air onto [something],0.07770480215549469,275.56645800359547,0.8672315122087252
data/UCF-101/PlayingDaf/v_PlayingDaf_g01_c03.avi,PlayingDaf,Pushing [something] so it spins,0.5134936571121216,Hitting [something] with [something],0.2158159464597702,Spinning [something] so it continues spinning,0.06668957322835922,274.9312910018489,0.8537452838619288
data/UCF-101/PlayingDaf/v_PlayingDaf_g01_c04.avi,PlayingDaf,Pushing [something] so it spins,0.36879289150238037,Hitting [something] with [something],0.14655417203903198,Pretending to squeeze [something],0.1445271223783493,272.8804590005893,0.9288721902858501
data/UCF-101/PlayingDaf/v_PlayingDaf_g02_c01.avi,PlayingDaf,Squeezing [something],0.11064302176237106,Trying to bend [something unbendable] so nothing happens,0.0867706909775734,Pushing [something] so it spins,0.06834745407104492,277.42583298822865,0.6390709776650947
data/UCF-101/PlayingDaf/v_PlayingDaf_g02_c02.avi,PlayingDaf,Pretending to squeeze [something],0.4436534345149994,Squeezing [something],0.2561297118663788,Hitting [something] with [something],0.07672031968832016,275.61487499042414,0.906415428773454
data/UCF-101/PlayingDaf/v_PlayingDaf_g02_c03.avi,PlayingDaf,Hitting [something] with [something],0.3682052493095398,Pushing [something] so it spins,0.23805935680866241,Spinning [something] so it continues spinning,0.15870048105716705,276.67616700637154,1.0016762614073107
data/UCF-101/PlayingDaf/v_PlayingDaf_g02_c04.avi,PlayingDaf,Hitting [something] with [something],0.33371713757514954,Pretending to squeeze [something],0.2537909746170044,Pushing [something] so it spins,0.10479801893234253,274.56654197885655,0.950646176772959
data/UCF-101/PlayingDaf/v_PlayingDaf_g02_c05.avi,PlayingDaf,Pushing [something] so it spins,0.33071911334991455,Hitting [something] with [something],0.19743545353412628,Pretending to squeeze [something],0.09328463673591614,275.05629099323414,0.9075246340459889
data/UCF-101/PlayingDaf/v_PlayingDaf_g02_c06.avi,PlayingDaf,Pushing [something] so it spins,0.28395286202430725,Hitting [something] with [something],0.16870556771755219,Spinning [something] so it continues spinning,0.13500075042247772,276.04212501319125,0.9280457094347304
data/UCF-101/PlayingDhol/v_PlayingDhol_g01_c01.avi,PlayingDhol,Hitting [something] with [something],0.9987356066703796,Pushing [something] so it spins,0.0006596802268177271,Spinning [something] so it continues spinning,0.00013409010716713965,276.06283299974166,0.007290611224695809
data/UCF-101/PlayingDhol/v_PlayingDhol_g01_c02.avi,PlayingDhol,Hitting [something] with [something],0.9878003597259521,Spinning [something] so it continues spinning,0.0050601232796907425,Pushing [something] so it spins,0.004659048281610012,275.72483298718,0.06388874532240345
data/UCF-101/PlayingDhol/v_PlayingDhol_g01_c03.avi,PlayingDhol,Hitting [something] with [something],0.9933089017868042,Pushing [something] so it spins,0.0035139918327331543,Spinning [something] so it continues spinning,0.0016083986265584826,274.96108299237676,0.03687228973122533
data/UCF-101/PlayingDhol/v_PlayingDhol_g01_c04.avi,PlayingDhol,Hitting [something] with [something],0.9899885058403015,Pushing [something] so it spins,0.005228771828114986,Spinning [something] so it continues spinning,0.0014849549625068903,273.3028749935329,0.047101553300581134
data/UCF-101/PlayingDhol/v_PlayingDhol_g01_c05.avi,PlayingDhol,Hitting [something] with [something],0.990965723991394,Pushing [something] so it spins,0.005995331332087517,Spinning [something] so it continues spinning,0.0006475000991486013,274.83216699329205,0.04442429930587892
data/UCF-101/PlayingDhol/v_PlayingDhol_g01_c06.avi,PlayingDhol,Hitting [something] with [something],0.9521693587303162,Pushing [something] so it spins,0.029194748029112816,Spinning [something] so it continues spinning,0.008006817661225796,275.2382500038948,0.1884880973537787
data/UCF-101/PlayingDhol/v_PlayingDhol_g01_c07.avi,PlayingDhol,Hitting [something] with [something],0.9864190220832825,Pushing [something] so it spins,0.005739178042858839,Moving [part] of [something],0.0015142099000513554,274.27900000475347,0.05293657073620294
data/UCF-101/PlayingDhol/v_PlayingDhol_g02_c01.avi,PlayingDhol,Moving [part] of [something],0.47929874062538147,Hitting [something] with [something],0.22206459939479828,Pushing [something] so it spins,0.1285431981086731,275.32416698522866,0.9503562781227792
data/UCF-101/PlayingDhol/v_PlayingDhol_g02_c02.avi,PlayingDhol,Pushing [something] so it spins,0.45606163144111633,Moving [part] of [something],0.12305253744125366,Spinning [something] so it continues spinning,0.09786218404769897,275.09008301422,0.8433300241278548
data/UCF-101/PlayingDhol/v_PlayingDhol_g02_c03.avi,PlayingDhol,Moving [part] of [something],0.5053753852844238,Hitting [something] with [something],0.2808094918727875,Pushing [something] so it spins,0.1087552160024643,276.2405409885105,0.9428359039050971
data/UCF-101/PlayingFlute/v_PlayingFlute_g01_c01.avi,PlayingFlute,Trying to bend [something unbendable] so nothing happens,0.5217832326889038,Pulling two ends of [something] but nothing happens,0.16917219758033752,Pretending to squeeze [something],0.11721295118331909,274.1607079806272,0.8912899721305316
data/UCF-101/PlayingFlute/v_PlayingFlute_g01_c03.avi,PlayingFlute,Trying to bend [something unbendable] so nothing happens,0.6732751727104187,Pulling two ends of [something] but nothing happens,0.20434260368347168,Pretending to squeeze [something],0.028262803331017494,275.1964589988347,0.6916268150113453
data/UCF-101/PlayingFlute/v_PlayingFlute_g01_c04.avi,PlayingFlute,Trying to bend [something unbendable] so nothing happens,0.7730893492698669,Pretending to squeeze [something],0.11423433572053909,Pulling two ends of [something] but nothing happens,0.045154426246881485,275.2966250118334,0.5866679270122607
data/UCF-101/PlayingFlute/v_PlayingFlute_g01_c05.avi,PlayingFlute,Trying to bend [something unbendable] so nothing happens,0.43131765723228455,Pulling two ends of [something] but nothing happens,0.38744011521339417,Pretending to squeeze [something],0.059281472116708755,274.10854102345183,0.8975652425886488
data/UCF-101/PlayingFlute/v_PlayingFlute_g01_c06.avi,PlayingFlute,Trying to bend [something unbendable] so nothing happens,0.554077684879303,Pretending to squeeze [something],0.20844341814517975,Pulling two ends of [something] but nothing happens,0.13847319781780243,276.03283399366774,0.9277853080242284
data/UCF-101/PlayingFlute/v_PlayingFlute_g01_c07.avi,PlayingFlute,Trying to bend [something unbendable] so nothing happens,0.5239153504371643,Pulling two ends of [something] but nothing happens,0.34674525260925293,Hitting [something] with [something],0.048737671226263046,275.3946669981815,0.853183737558252
data/UCF-101/PlayingFlute/v_PlayingFlute_g02_c01.avi,PlayingFlute,Trying to bend [something unbendable] so nothing happens,0.5348159074783325,Pretending to squeeze [something],0.17249010503292084,Holding [something],0.0666976273059845,275.05595798720606,0.8184316006780137
data/UCF-101/PlayingFlute/v_PlayingFlute_g02_c02.avi,PlayingFlute,Holding [something],0.4107751250267029,Trying to bend [something unbendable] so nothing happens,0.27462345361709595,Pretending to squeeze [something],0.10256004333496094,274.7294580040034,0.9539419848440206
data/UCF-101/PlayingFlute/v_PlayingFlute_g02_c03.avi,PlayingFlute,Trying to bend [something unbendable] so nothing happens,0.8312119245529175,Pretending to squeeze [something],0.08028766512870789,Holding [something],0.04826205596327782,276.87958301976323,0.5024508139755326
data/UCF-101/PlayingGuitar/v_PlayingGuitar_g01_c01.avi,PlayingGuitar,Pretending to squeeze [something],0.5900169610977173,Pretending or trying and failing to twist [something],0.2725788354873657,Squeezing [something],0.06012602150440216,276.5184580057394,0.8346337845376036
data/UCF-101/PlayingGuitar/v_PlayingGuitar_g01_c02.avi,PlayingGuitar,Pretending to squeeze [something],0.46970894932746887,Pretending or trying and failing to twist [something],0.28805845975875854,Squeezing [something],0.030284103006124496,273.95495801465586,0.8193545483336935
data/UCF-101/PlayingGuitar/v_PlayingGuitar_g01_c03.avi,PlayingGuitar,Pretending or trying and failing to twist [something],0.5454754829406738,Pretending to squeeze [something],0.1912461221218109,Pulling two ends of [something] but nothing happens,0.028375834226608276,276.02600000682287,0.7480503761191645
data/UCF-101/PlayingGuitar/v_PlayingGuitar_g01_c04.avi,PlayingGuitar,Pretending or trying and failing to twist [something],0.2474229484796524,Pretending to squeeze [something],0.23246482014656067,Hitting [something] with [something],0.05008525773882866,275.6652919924818,0.8346914334729245
data/UCF-101/PlayingGuitar/v_PlayingGuitar_g01_c05.avi,PlayingGuitar,Pretending to squeeze [something],0.4491259753704071,Pretending or trying and failing to twist [something],0.09903988987207413,Pretending to pick [something] up,0.0620972104370594,274.7345420066267,0.7610784973557199
data/UCF-101/PlayingGuitar/v_PlayingGuitar_g01_c06.avi,PlayingGuitar,Pretending to squeeze [something],0.260136216878891,Pretending or trying and failing to twist [something],0.2103992998600006,Pretending to take [something] from [somewhere],0.05941043049097061,275.0057499797549,0.8459785093108145
data/UCF-101/PlayingGuitar/v_PlayingGuitar_g02_c01.avi,PlayingGuitar,Pretending or trying and failing to twist [something],0.30654922127723694,Pretending to squeeze [something],0.16053815186023712,Hitting [something] with [something],0.1114136129617691,277.33475001878105,0.9006147323050051
data/UCF-101/PlayingGuitar/v_PlayingGuitar_g02_c02.avi,PlayingGuitar,Pretending to squeeze [something],0.16246297955513,Pretending or trying and failing to twist [something],0.16086557507514954,Hitting [something] with [something],0.1585341840982437,277.74566601146944,0.8811620513517227
data/UCF-101/PlayingGuitar/v_PlayingGuitar_g02_c03.avi,PlayingGuitar,Pretending to squeeze [something],0.3988417088985443,Squeezing [something],0.20479387044906616,Pretending or trying and failing to twist [something],0.1217358335852623,277.3909170064144,0.9477274438522348
data/UCF-101/PlayingGuitar/v_PlayingGuitar_g02_c04.avi,PlayingGuitar,Pretending or trying and failing to twist [something],0.5646927356719971,Pretending to squeeze [something],0.08739078789949417,Twisting [something],0.057406116276979446,275.5792500101961,0.6997542036673847
data/UCF-101/PlayingPiano/v_PlayingPiano_g01_c01.avi,PlayingPiano,Moving [part] of [something],0.36718496680259705,Spreading [something] onto [something],0.13458764553070068,Pushing [something] so that it slightly moves,0.04659262299537659,275.16679200925864,0.7806672129717223
data/UCF-101/PlayingPiano/v_PlayingPiano_g01_c02.avi,PlayingPiano,Moving [part] of [something],0.7377945184707642,Spreading [something] onto [something],0.05697687342762947,Hitting [something] with [something],0.036820292472839355,275.2743329911027,0.509170664509498
data/UCF-101/PlayingPiano/v_PlayingPiano_g01_c03.avi,PlayingPiano,Moving [part] of [something],0.4955386519432068,Spreading [something] onto [something],0.07134273648262024,Pretending to take [something] from [somewhere],0.044710349291563034,274.72070799558423,0.6752256173990663
data/UCF-101/PlayingPiano/v_PlayingPiano_g01_c04.avi,PlayingPiano,Pushing [something] so that it slightly moves,0.2910715937614441,Moving [part] of [something],0.2483944594860077,Touching (without moving) [part] of [something],0.04370972886681557,274.8510410019662,0.8420042216347258
data/UCF-101/PlayingPiano/v_PlayingPiano_g02_c01.avi,PlayingPiano,Moving [something] towards the camera,0.15501286089420319,Lifting [something] with [something] on it,0.09024861454963684,Approaching [something] with your camera,0.07474641501903534,275.98475001286715,0.6999134281716812
data/UCF-101/PlayingPiano/v_PlayingPiano_g02_c02.avi,PlayingPiano,Moving [part] of [something],0.33959442377090454,Hitting [something] with [something],0.15996208786964417,Pushing [something] so it spins,0.05997193977236748,274.460332992021,0.8286982957411639
data/UCF-101/PlayingPiano/v_PlayingPiano_g02_c03.avi,PlayingPiano,Showing [something] behind [something],0.3364023268222809,Moving away from [something] with your camera,0.3063782751560211,Moving [something] away from the camera,0.10782402753829956,276.01379199768417,0.9690697370113868
data/UCF-101/PlayingPiano/v_PlayingPiano_g02_c04.avi,PlayingPiano,Moving [part] of [something],0.18696583807468414,Touching (without moving) [part] of [something],0.18301276862621307,Pretending to squeeze [something],0.07942820340394974,275.154791015666,0.8254858091877494
data/UCF-101/PlayingPiano/v_PlayingPiano_g03_c01.avi,PlayingPiano,Moving [part] of [something],0.2771841585636139,Pushing [something] so that it slightly moves,0.12951292097568512,Wiping [something] off of [something],0.12148920446634293,275.01858401228674,0.876459401890946
data/UCF-101/PlayingPiano/v_PlayingPiano_g03_c02.avi,PlayingPiano,Moving [part] of [something],0.41281864047050476,Twisting [something],0.11719630658626556,Holding [something] in front of [something],0.08984877914190292,275.08758299518377,0.8329998208655086
data/UCF-101/PlayingSitar/v_PlayingSitar_g01_c01.avi,PlayingSitar,Holding [something] behind [something],0.5184603929519653,Showing [something] behind [something],0.22034819424152374,Holding [something] next to [something],0.07857329398393631,274.8482500028331,0.8737278678118523
data/UCF-101/PlayingSitar/v_PlayingSitar_g01_c02.avi,PlayingSitar,Pretending to squeeze [something],0.2748759090900421,Moving [part] of [something],0.14109870791435242,Hitting [something] with [something],0.12395071238279343,274.8008339840453,0.8900906204276313
data/UCF-101/PlayingSitar/v_PlayingSitar_g01_c03.avi,PlayingSitar,Pretending to squeeze [something],0.513019859790802,Squeezing [something],0.12968342006206512,Moving [part] of [something],0.09236696362495422,274.1307909891475,0.8273261590028878
data/UCF-101/PlayingSitar/v_PlayingSitar_g01_c04.avi,PlayingSitar,Holding [something],0.170109823346138,Pretending to pick [something] up,0.1448356956243515,Pretending or trying and failing to twist [something],0.11766083538532257,275.2297080005519,0.8329506602184968
data/UCF-101/PlayingSitar/v_PlayingSitar_g02_c01.avi,PlayingSitar,Pretending to squeeze [something],0.18788321316242218,Moving [part] of [something],0.09194003790616989,Pretending to pick [something] up,0.08884420990943909,275.19362498424016,0.748634639691987
data/UCF-101/PlayingSitar/v_PlayingSitar_g02_c02.avi,PlayingSitar,Pretending to squeeze [something],0.35780784487724304,Moving [part] of [something],0.1042911633849144,Holding [something],0.08903110772371292,275.23170798667707,0.8188433547640519
data/UCF-101/PlayingSitar/v_PlayingSitar_g02_c03.avi,PlayingSitar,Pretending to squeeze [something],0.5110203623771667,Holding [something],0.18360461294651031,Squeezing [something],0.1040407195687294,275.28437500586733,0.8897171610237602
data/UCF-101/PlayingSitar/v_PlayingSitar_g02_c04.avi,PlayingSitar,Pretending to squeeze [something],0.47828465700149536,Squeezing [something],0.1069890707731247,Wiping [something] off of [something],0.055197395384311676,275.896749983076,0.751780097308421
data/UCF-101/PlayingSitar/v_PlayingSitar_g02_c05.avi,PlayingSitar,Pretending to squeeze [something],0.4402967691421509,Moving [part] of [something],0.1215396448969841,Squeezing [something],0.05375383421778679,276.7312500218395,0.7744655611335572
data/UCF-101/PlayingSitar/v_PlayingSitar_g02_c06.avi,PlayingSitar,Pretending to squeeze [something],0.26003825664520264,Holding [something] behind [something],0.06145075708627701,Hitting [something] with [something],0.058878373354673386,274.64512499864213,0.688430608788877
data/UCF-101/PlayingTabla/v_PlayingTabla_g01_c01.avi,PlayingTabla,Pretending or trying and failing to twist [something],0.275917112827301,Moving [part] of [something],0.1746731847524643,Twisting [something],0.1279468536376953,275.610582990339,0.9231391795993007
data/UCF-101/PlayingTabla/v_PlayingTabla_g01_c02.avi,PlayingTabla,Moving [part] of [something],0.31279051303863525,Pretending or trying and failing to twist [something],0.10532320290803909,Hitting [something] with [something],0.07368411868810654,275.74079198529944,0.7927509138117037
data/UCF-101/PlayingTabla/v_PlayingTabla_g01_c03.avi,PlayingTabla,Moving [part] of [something],0.27582117915153503,Hitting [something] with [something],0.11904213577508926,Pretending to squeeze [something],0.07628915458917618,274.50879200478084,0.8049222267939853
data/UCF-101/PlayingTabla/v_PlayingTabla_g01_c04.avi,PlayingTabla,Moving [part] of [something],0.14991673827171326,Pretending or trying and failing to twist [something],0.1280883103609085,Twisting [something],0.11427100747823715,275.4058749997057,0.7955939389649461
data/UCF-101/PlayingTabla/v_PlayingTabla_g02_c01.avi,PlayingTabla,Pretending to open [something] without actually opening it,0.27024197578430176,Pretending to squeeze [something],0.19168700277805328,Touching (without moving) [part] of [something],0.14581236243247986,275.985624990426,0.950993034528911
data/UCF-101/PlayingTabla/v_PlayingTabla_g02_c02.avi,PlayingTabla,Touching (without moving) [part] of [something],0.3013005256652832,Pretending to open [something] without actually opening it,0.17476937174797058,Hitting [something] with [something],0.09230788797140121,275.19474999280646,0.88623756905875
data/UCF-101/PlayingTabla/v_PlayingTabla_g02_c03.avi,PlayingTabla,Pretending to squeeze [something],0.23948639631271362,Pretending to open [something] without actually opening it,0.2206144779920578,Twisting [something],0.12153780460357666,274.8802090063691,0.9318557296538091
data/UCF-101/PlayingTabla/v_PlayingTabla_g02_c04.avi,PlayingTabla,Pretending to squeeze [something],0.27337196469306946,Pretending to open [something] without actually opening it,0.16436760127544403,Touching (without moving) [part] of [something],0.13866248726844788,276.1606670101173,0.9252896314293956
data/UCF-101/PlayingTabla/v_PlayingTabla_g03_c01.avi,PlayingTabla,Pretending or trying and failing to twist [something],0.17702794075012207,Twisting [something],0.13799887895584106,Pretending to open [something] without actually opening it,0.13130225241184235,276.68125001946464,0.8463995784931888
data/UCF-101/PlayingTabla/v_PlayingTabla_g03_c02.avi,PlayingTabla,Twisting [something],0.23994487524032593,Moving [part] of [something],0.13909928500652313,Pushing [something] so it spins,0.09560959786176682,275.4924159962684,0.8413088944054617
data/UCF-101/PlayingViolin/v_PlayingViolin_g01_c01.avi,PlayingViolin,Hitting [something] with [something],0.42590397596359253,Pretending to squeeze [something],0.12327414751052856,Pretending or failing to wipe [something] off of [something],0.05899456888437271,276.61012500175275,0.788554839659924
data/UCF-101/PlayingViolin/v_PlayingViolin_g01_c02.avi,PlayingViolin,Hitting [something] with [something],0.435824453830719,Pushing [something] so it spins,0.09733790904283524,Pretending or failing to wipe [something] off of [something],0.08653809130191803,275.9855830227025,0.8004877007028575
data/UCF-101/PlayingViolin/v_PlayingViolin_g01_c03.avi,PlayingViolin,Hitting [something] with [something],0.3486698269844055,Pretending or trying and failing to twist [something],0.08322873711585999,Pretending to squeeze [something],0.08296828716993332,276.4394170080777,0.7808218071748921
data/UCF-101/PlayingViolin/v_PlayingViolin_g01_c04.avi,PlayingViolin,Pulling two ends of [something] but nothing happens,0.2737501263618469,Pretending or trying and failing to twist [something],0.2017669528722763,Hitting [something] with [something],0.11347876489162445,274.80325000942685,0.9245563883020634
data/UCF-101/PlayingViolin/v_PlayingViolin_g02_c01.avi,PlayingViolin,Hitting [something] with [something],0.5383352041244507,Pretending to spread air onto [something],0.13681510090827942,Wiping [something] off of [something],0.08771196752786636,275.8648750022985,0.8189835868223564
data/UCF-101/PlayingViolin/v_PlayingViolin_g02_c02.avi,PlayingViolin,Hitting [something] with [something],0.7303301692008972,Pushing [something] so it spins,0.056201692670583725,Wiping [something] off of [something],0.054825346916913986,276.1258329846896,0.5504974355212088
data/UCF-101/PlayingViolin/v_PlayingViolin_g02_c03.avi,PlayingViolin,Hitting [something] with [something],0.8499904870986938,Moving [part] of [something],0.02475910820066929,Pushing [something] so it spins,0.022996144369244576,274.27525000530295,0.31647346492673095
data/UCF-101/PlayingViolin/v_PlayingViolin_g02_c04.avi,PlayingViolin,Hitting [something] with [something],0.8944071531295776,Moving [part] of [something],0.033142149448394775,Pushing [something] so it spins,0.009013085626065731,278.6909160204232,0.25516757949576263
data/UCF-101/PlayingViolin/v_PlayingViolin_g03_c01.avi,PlayingViolin,Hitting [something] with [something],0.9406805038452148,Moving [part] of [something],0.03849446028470993,Pushing [something] so it spins,0.007252787705510855,276.5278330189176,0.21863987863544843
data/UCF-101/PlayingViolin/v_PlayingViolin_g03_c02.avi,PlayingViolin,Hitting [something] with [something],0.5511754155158997,Moving [part] of [something],0.26096251606941223,Pushing [something] so it spins,0.07999160885810852,275.7117080036551,0.8809533078969154
data/UCF-101/PoleVault/v_PoleVault_g01_c01.avi,PoleVault,Throwing [something] in the air and catching it,0.23143231868743896,Turning [something] upside down,0.10215772688388824,Throwing [something],0.09960588812828064,275.28945801896043,0.8014841341514151
data/UCF-101/PoleVault/v_PoleVault_g01_c02.avi,PoleVault,Throwing [something],0.3345339894294739,Throwing [something] in the air and catching it,0.08007729053497314,Turning [something] upside down,0.068595290184021,275.40966699598357,0.7522997483340654
data/UCF-101/PoleVault/v_PoleVault_g01_c03.avi,PoleVault,Throwing [something],0.12520135939121246,Turning [something] upside down,0.12069519609212875,Throwing [something] in the air and catching it,0.07798154652118683,275.0461249961518,0.7143088022131825
data/UCF-101/PoleVault/v_PoleVault_g01_c04.avi,PoleVault,Unfolding [something],0.15391816198825836,Folding [something],0.10809312760829926,Bending [something] until it breaks,0.06244703009724617,275.10658299434,0.7017067011151326
data/UCF-101/PoleVault/v_PoleVault_g01_c05.avi,PoleVault,Throwing [something],0.13704772293567657,Unfolding [something],0.06587186455726624,[Something] falling like a feather or paper,0.06526447832584381,276.2384999950882,0.6296734001849901
data/UCF-101/PoleVault/v_PoleVault_g02_c01.avi,PoleVault,Turning [something] upside down,0.2180633246898651,Putting [something] into [something],0.05454742908477783,Showing [something] to the camera,0.04413396120071411,276.9242500071414,0.628486285248044
data/UCF-101/PoleVault/v_PoleVault_g02_c02.avi,PoleVault,Turning [something] upside down,0.09790384024381638,Putting [something] into [something],0.07985024154186249,Putting [something] onto [something],0.05074155330657959,276.26545800012536,0.5805967020177578
data/UCF-101/PoleVault/v_PoleVault_g02_c03.avi,PoleVault,Putting [something] onto [something],0.135349303483963,Dropping [something] onto [something],0.1293175220489502,Turning [something] upside down,0.08503662794828415,274.7734999866225,0.7447890688087082
data/UCF-101/PoleVault/v_PoleVault_g02_c04.avi,PoleVault,Putting [something] into [something],0.14429590106010437,Closing [something],0.10274383425712585,Turning [something] upside down,0.07663466036319733,275.99916598410346,0.7099880604032643
data/UCF-101/PoleVault/v_PoleVault_g02_c05.avi,PoleVault,Putting [something] onto [something],0.09898260980844498,Putting [something] into [something],0.08149463683366776,Turning [something] upside down,0.067300945520401,275.13125000405125,0.6148699568476408
data/UCF-101/PommelHorse/v_PommelHorse_g01_c01.avi,PommelHorse,Spinning [something] so it continues spinning,0.2828496992588043,Throwing [something] in the air and catching it,0.2623983919620514,Hitting [something] with [something],0.09376248717308044,273.8215000135824,0.9301892549505102
data/UCF-101/PommelHorse/v_PommelHorse_g01_c02.avi,PommelHorse,Wiping [something] off of [something],0.1455288678407669,Hitting [something] with [something],0.11059428006410599,Moving [part] of [something],0.08135350048542023,276.1935829767026,0.7281176242331813
data/UCF-101/PommelHorse/v_PommelHorse_g01_c03.avi,PommelHorse,Twisting [something],0.17758914828300476,Hitting [something] with [something],0.11868878453969955,Throwing [something] in the air and catching it,0.07812398672103882,274.8977500014007,0.7590535876558847
data/UCF-101/PommelHorse/v_PommelHorse_g01_c04.avi,PommelHorse,Pretending to turn [something] upside down,0.2621437907218933,Hitting [something] with [something],0.17622050642967224,Spinning [something] so it continues spinning,0.10385266691446304,275.5989999859594,0.8921002241556106
data/UCF-101/PommelHorse/v_PommelHorse_g01_c05.avi,PommelHorse,Spinning [something] so it continues spinning,0.4306163489818573,Twisting [something],0.1272062212228775,Pushing [something] so it spins,0.11221012473106384,275.0702499761246,0.8705492558236648
data/UCF-101/PommelHorse/v_PommelHorse_g01_c06.avi,PommelHorse,Throwing [something] in the air and catching it,0.5087304711341858,Spinning [something] so it continues spinning,0.21985206007957458,Hitting [something] with [something],0.05352962017059326,276.4824579935521,0.8335598709926342
data/UCF-101/PommelHorse/v_PommelHorse_g01_c07.avi,PommelHorse,Hitting [something] with [something],0.12548738718032837,Pretending to turn [something] upside down,0.10672929137945175,Spinning [something] so it continues spinning,0.07463803142309189,274.7745839878917,0.6929513668044267
data/UCF-101/PommelHorse/v_PommelHorse_g02_c01.avi,PommelHorse,Spinning [something] so it continues spinning,0.7296237945556641,Pushing [something] so it spins,0.07701289653778076,Pretending to turn [something] upside down,0.04236343875527382,275.0645420164801,0.5613715865076236
data/UCF-101/PommelHorse/v_PommelHorse_g02_c02.avi,PommelHorse,Spinning [something] so it continues spinning,0.7625311017036438,Pushing [something] so it spins,0.09589440375566483,Spinning [something] that quickly stops spinning,0.039792921394109726,275.4062919993885,0.5598514960785199
data/UCF-101/PommelHorse/v_PommelHorse_g02_c03.avi,PommelHorse,Spinning [something] so it continues spinning,0.7724475860595703,Pushing [something] so it spins,0.11073186993598938,Twisting [something],0.0374424122273922,275.66916702198796,0.5661169851782313
data/UCF-101/PullUps/v_PullUps_g01_c01.avi,PullUps,Showing [something] to the camera,0.1700446903705597,Holding [something],0.10269942879676819,Pretending to squeeze [something],0.07450437545776367,275.27633399586193,0.7284860106385607
data/UCF-101/PullUps/v_PullUps_g01_c02.avi,PullUps,Trying to bend [something unbendable] so nothing happens,0.2439827173948288,Holding [something],0.11241854727268219,Moving [something] down,0.07979362457990646,274.17783299461007,0.7916129930046343
data/UCF-101/PullUps/v_PullUps_g01_c03.avi,PullUps,Trying to bend [something unbendable] so nothing happens,0.1687718778848648,Moving [something] down,0.1572328805923462,Pretending to open [something] without actually opening it,0.08357531577348709,276.0511249944102,0.7985997979571828
data/UCF-101/PullUps/v_PullUps_g01_c04.avi,PullUps,Trying to bend [something unbendable] so nothing happens,0.16882532835006714,Holding [something],0.10506313294172287,Pretending to open [something] without actually opening it,0.08308087289333344,276.88062499510124,0.7437496947097291
data/UCF-101/PullUps/v_PullUps_g02_c01.avi,PullUps,Showing [something] to the camera,0.2069004476070404,Moving [something] up,0.1085013672709465,Showing [something] behind [something],0.06144014000892639,275.3842079837341,0.7383550670952417
data/UCF-101/PullUps/v_PullUps_g02_c02.avi,PullUps,Showing [something] on top of [something],0.12350188940763474,Moving [something] up,0.10858070105314255,Showing [something] to the camera,0.09097951650619507,274.4583340245299,0.7174705162577771
data/UCF-101/PullUps/v_PullUps_g02_c03.avi,PullUps,Trying to bend [something unbendable] so nothing happens,0.24070091545581818,Moving [part] of [something],0.09728720784187317,Showing [something] to the camera,0.07441364228725433,276.98004100238904,0.7628292820344318
data/UCF-101/PullUps/v_PullUps_g02_c04.avi,PullUps,Trying to bend [something unbendable] so nothing happens,0.4050759971141815,Moving [part] of [something],0.10274297744035721,Pretending to open [something] without actually opening it,0.09448576718568802,275.21187500678934,0.8227743469881084
data/UCF-101/PullUps/v_PullUps_g03_c01.avi,PullUps,Showing [something] to the camera,0.39107146859169006,Turning the camera upwards while filming [something],0.07227719575166702,Showing [something] behind [something],0.0620371475815773,275.84062502137385,0.729517942773553
data/UCF-101/PullUps/v_PullUps_g03_c02.avi,PullUps,Showing [something] behind [something],0.18548111617565155,Showing [something] to the camera,0.14855733513832092,Turning the camera upwards while filming [something],0.13043905794620514,276.3287909911014,0.8614504712387707
data/UCF-101/Punch/v_Punch_g01_c01.avi,Punch,Hitting [something] with [something],0.2013990432024002,Pretending to throw [something],0.19541339576244354,Squeezing [something],0.18917442858219147,275.0129580090288,0.9567663154348756
data/UCF-101/Punch/v_Punch_g01_c02.avi,Punch,Squeezing [something],0.7481586337089539,Pretending to throw [something],0.05312993377447128,Twisting [something],0.025022238492965698,273.15704099601135,0.46528984423287245
data/UCF-101/Punch/v_Punch_g01_c03.avi,Punch,Hitting [something] with [something],0.828091561794281,Spinning [something] so it continues spinning,0.03526052460074425,Pushing [something] so it spins,0.033525336533784866,275.98612499423325,0.38798407064002294
data/UCF-101/Punch/v_Punch_g01_c04.avi,Punch,Squeezing [something],0.5003146529197693,Stuffing [something] into [something],0.12487997114658356,Hitting [something] with [something],0.03886033967137337,275.2444999932777,0.7324873862896953
data/UCF-101/Punch/v_Punch_g01_c05.avi,Punch,Squeezing [something],0.28696924448013306,Hitting [something] with [something],0.10710205882787704,Opening [something],0.08353735506534576,275.1224999956321,0.8048881053113506
data/UCF-101/Punch/v_Punch_g02_c01.avi,Punch,Pretending to throw [something],0.5706562399864197,Twisting [something],0.17089949548244476,Spinning [something] so it continues spinning,0.08838428556919098,273.74641597270966,0.8364703858810202
data/UCF-101/Punch/v_Punch_g02_c02.avi,Punch,Spinning [something] so it continues spinning,0.4427714943885803,Hitting [something] with [something],0.25520265102386475,Pushing [something] so it spins,0.12081863731145859,274.8477080021985,0.9646020902556802
data/UCF-101/Punch/v_Punch_g02_c03.avi,Punch,Hitting [something] with [something],0.8694115877151489,[Something] colliding with [something] and both are being deflected,0.04793589562177658,Spinning [something] so it continues spinning,0.013438454829156399,275.6099170073867,0.32520311220746584
data/UCF-101/Punch/v_Punch_g02_c04.avi,Punch,Spinning [something] so it continues spinning,0.4278848469257355,Hitting [something] with [something],0.2258492112159729,Pushing [something] so it spins,0.15594522655010223,272.84545797738247,0.9890554986005902
data/UCF-101/Punch/v_Punch_g03_c01.avi,Punch,Pretending to throw [something],0.35091161727905273,Hitting [something] with [something],0.29792505502700806,Throwing [something],0.1165938749909401,275.5732089863159,0.9788104548533013
data/UCF-101/PushUps/v_PushUps_g01_c01.avi,PushUps,Squeezing [something],0.6938543915748596,Pretending to pick [something] up,0.06701730191707611,Pretending to squeeze [something],0.03935541957616806,275.3678330045659,0.5620532571517785
data/UCF-101/PushUps/v_PushUps_g01_c02.avi,PushUps,Squeezing [something],0.5723839402198792,Pretending to pick [something] up,0.10221602022647858,Moving [part] of [something],0.05681852996349335,274.7891249891836,0.7154290638470204
data/UCF-101/PushUps/v_PushUps_g01_c03.avi,PushUps,Squeezing [something],0.8490804433822632,Pretending to pick [something] up,0.03448822349309921,Moving [part] of [something],0.020365895703434944,274.3670000054408,0.33433991934726587
data/UCF-101/PushUps/v_PushUps_g01_c04.avi,PushUps,Squeezing [something],0.5209450721740723,Pretending to put [something] on a surface,0.1882990151643753,Pretending to pick [something] up,0.09974915534257889,274.94308300083503,0.8840526865371907
data/UCF-101/PushUps/v_PushUps_g01_c05.avi,PushUps,Squeezing [something],0.9137701392173767,Pretending to squeeze [something],0.03658934682607651,Pretending to pick [something] up,0.020233377814292908,275.0785419775639,0.282356541058439
data/UCF-101/PushUps/v_PushUps_g02_c01.avi,PushUps,Moving [part] of [something],0.1438426822423935,Trying to bend [something unbendable] so nothing happens,0.12116078287363052,Holding [something],0.11434311419725418,273.39341698097996,0.7826013553275432
data/UCF-101/PushUps/v_PushUps_g02_c02.avi,PushUps,Trying to bend [something unbendable] so nothing happens,0.1474817395210266,Twisting [something],0.11738286912441254,Moving [part] of [something],0.10930836200714111,275.4896669939626,0.7757216210792622
data/UCF-101/PushUps/v_PushUps_g02_c03.avi,PushUps,Moving [part] of [something],0.16517123579978943,Twisting [something],0.16173358261585236,Trying to bend [something unbendable] so nothing happens,0.12250346690416336,276.05408400995657,0.8492930851714431
data/UCF-101/PushUps/v_PushUps_g02_c04.avi,PushUps,Moving [part] of [something],0.2355821430683136,Twisting [something],0.12260763347148895,Squeezing [something],0.11505937576293945,276.04908400098793,0.846698495175615
data/UCF-101/PushUps/v_PushUps_g03_c01.avi,PushUps,Squeezing [something],0.5570722222328186,Pretending to pick [something] up,0.05944260209798813,Pretending to squeeze [something],0.056726232171058655,274.81654201983474,0.6564891169537254
data/UCF-101/Rafting/v_Rafting_g01_c01.avi,Rafting,Holding [something] behind [something],0.09428904950618744,Piling [something] up,0.07692328095436096,Spreading [something] onto [something],0.058203425258398056,276.341125019826,0.5854769003130564
data/UCF-101/Rafting/v_Rafting_g01_c02.avi,Rafting,Showing [something] to the camera,0.24794036149978638,Pulling [something] from left to right,0.1076701432466507,Pushing [something] from left to right,0.10435041785240173,276.4476250158623,0.8215640798603688
data/UCF-101/Rafting/v_Rafting_g01_c03.avi,Rafting,Showing that [something] is inside [something],0.3821476101875305,Piling [something] up,0.1033233255147934,Covering [something] with [something],0.0921236202120781,275.54241599864326,0.8218192454256903
data/UCF-101/Rafting/v_Rafting_g01_c04.avi,Rafting,Moving [something] up,0.47821497917175293,Lifting [something] up completely without letting it drop down,0.13109534978866577,Showing [something] to the camera,0.042385563254356384,276.4064579969272,0.7531188014954376
data/UCF-101/Rafting/v_Rafting_g02_c01.avi,Rafting,Letting [something] roll down a slanted surface,0.5538437962532043,Spinning [something] so it continues spinning,0.18273352086544037,Approaching [something] with your camera,0.04251899570226669,277.22629098570906,0.7721147682582654
data/UCF-101/Rafting/v_Rafting_g02_c02.avi,Rafting,Approaching [something] with your camera,0.9760584831237793,Turning the camera left while filming [something],0.005807491019368172,Letting [something] roll down a slanted surface,0.0050204843282699585,275.7974170090165,0.08013268337945151
data/UCF-101/Rafting/v_Rafting_g02_c03.avi,Rafting,Spinning [something] so it continues spinning,0.4216475784778595,Letting [something] roll down a slanted surface,0.22879108786582947,Letting [something] roll along a flat surface,0.09383086860179901,276.11162498942576,0.9236115623540844
data/UCF-101/Rafting/v_Rafting_g02_c04.avi,Rafting,Letting [something] roll down a slanted surface,0.7667897939682007,Spinning [something] so it continues spinning,0.08246561884880066,"Putting [something] that can't roll onto a slanted surface, so it slides down",0.026684025302529335,275.2460420015268,0.5060925249052841
data/UCF-101/Rafting/v_Rafting_g03_c01.avi,Rafting,Covering [something] with [something],0.7808429002761841,Stuffing [something] into [something],0.065532386302948,Burying [something] in [something],0.046737175434827805,275.38508299039677,0.5149215349428863
data/UCF-101/Rafting/v_Rafting_g03_c02.avi,Rafting,Moving [something] up,0.13891184329986572,Covering [something] with [something],0.11062370985746384,Pushing [something] with [something],0.0620214007794857,274.4940420088824,0.6901883407484991
data/UCF-101/RockClimbingIndoor/v_RockClimbingIndoor_g01_c01.avi,RockClimbingIndoor,Closing [something],0.3001196086406708,Opening [something],0.11554084718227386,Twisting [something],0.08904050290584564,278.6138750088867,0.8259275683425882
data/UCF-101/RockClimbingIndoor/v_RockClimbingIndoor_g01_c02.avi,RockClimbingIndoor,Twisting [something],0.12839369475841522,Closing [something],0.10898725688457489,Holding [something],0.07582398504018784,277.09066701936536,0.7006966187884858
data/UCF-101/RockClimbingIndoor/v_RockClimbingIndoor_g01_c03.avi,RockClimbingIndoor,Closing [something],0.4933946430683136,Twisting [something],0.05652836337685585,Squeezing [something],0.047494933009147644,277.47845798148774,0.6556866894650571
data/UCF-101/RockClimbingIndoor/v_RockClimbingIndoor_g01_c04.avi,RockClimbingIndoor,Closing [something],0.15962085127830505,Twisting [something],0.1310955137014389,Squeezing [something],0.08669254183769226,278.30604201881215,0.771257444294549
data/UCF-101/RockClimbingIndoor/v_RockClimbingIndoor_g01_c05.avi,RockClimbingIndoor,Taking [something] from [somewhere],0.12931640446186066,Holding [something],0.07175992429256439,Squeezing [something],0.06078623607754707,278.17066601710394,0.6237875334459608
data/UCF-101/RockClimbingIndoor/v_RockClimbingIndoor_g02_c01.avi,RockClimbingIndoor,Throwing [something] in the air and catching it,0.265567809343338,Trying to bend [something unbendable] so nothing happens,0.07053351402282715,Picking [something] up,0.06215137988328934,277.81908301403746,0.7118116668362893
data/UCF-101/RockClimbingIndoor/v_RockClimbingIndoor_g02_c02.avi,RockClimbingIndoor,Throwing [something] in the air and catching it,0.34541812539100647,Twisting [something],0.0811649039387703,Trying to bend [something unbendable] so nothing happens,0.07598383724689484,278.4946659812704,0.7668346970612302
data/UCF-101/RockClimbingIndoor/v_RockClimbingIndoor_g02_c03.avi,RockClimbingIndoor,Moving [something] up,0.12477419525384903,Opening [something],0.08690591156482697,Throwing [something] in the air and catching it,0.0752032920718193,278.77624999382533,0.6665842870685598
data/UCF-101/RockClimbingIndoor/v_RockClimbingIndoor_g02_c04.avi,RockClimbingIndoor,Moving [something] up,0.11417845636606216,Holding [something],0.06388941407203674,Throwing [something] in the air and catching it,0.062289271503686905,276.86266700038686,0.596413639357204
data/UCF-101/RockClimbingIndoor/v_RockClimbingIndoor_g02_c05.avi,RockClimbingIndoor,Throwing [something] in the air and catching it,0.2084854543209076,Opening [something],0.05531880259513855,Trying to bend [something unbendable] so nothing happens,0.043898805975914,277.33983399230056,0.6242314577397385
data/UCF-101/RopeClimbing/v_RopeClimbing_g01_c01.avi,RopeClimbing,Folding [something],0.27055519819259644,Twisting [something],0.17877160012722015,Closing [something],0.16413235664367676,278.83612501318567,0.9580732722319623
data/UCF-101/RopeClimbing/v_RopeClimbing_g01_c02.avi,RopeClimbing,Closing [something],0.48000556230545044,Folding [something],0.06264299154281616,Twisting [something],0.0622938834130764,278.1134999822825,0.6987649158055941
data/UCF-101/RopeClimbing/v_RopeClimbing_g01_c03.avi,RopeClimbing,Trying to bend [something unbendable] so nothing happens,0.1990223228931427,Twisting [something],0.1488160938024521,Pretending or trying and failing to twist [something],0.10798121243715286,277.1686670021154,0.8451349320039075
data/UCF-101/RopeClimbing/v_RopeClimbing_g01_c04.avi,RopeClimbing,Twisting [something],0.16827696561813354,Closing [something],0.1323821097612381,Trying to bend [something unbendable] so nothing happens,0.08422233164310455,278.7620839953888,0.7759696368079447
data/UCF-101/RopeClimbing/v_RopeClimbing_g02_c01.avi,RopeClimbing,Holding [something],0.32796284556388855,Closing [something],0.15252816677093506,Twisting [something],0.13219934701919556,279.3954999942798,0.9199438963211629
data/UCF-101/RopeClimbing/v_RopeClimbing_g02_c02.avi,RopeClimbing,Holding [something],0.2777790427207947,Twisting [something],0.11582287400960922,Closing [something],0.10679260641336441,280.3532089747023,0.8443747070125588
data/UCF-101/RopeClimbing/v_RopeClimbing_g02_c03.avi,RopeClimbing,Holding [something],0.5562744736671448,Twisting [something],0.23328812420368195,Trying to bend [something unbendable] so nothing happens,0.05465998873114586,278.1820000091102,0.8246737647766479
data/UCF-101/RopeClimbing/v_RopeClimbing_g02_c04.avi,RopeClimbing,Holding [something],0.35328105092048645,Closing [something],0.16389228403568268,Trying to bend [something unbendable] so nothing happens,0.0595497265458107,277.7111250034068,0.831979013227083
data/UCF-101/RopeClimbing/v_RopeClimbing_g02_c05.avi,RopeClimbing,Holding [something],0.27408552169799805,Closing [something],0.16089509427547455,Twisting [something],0.11090834438800812,278.50758298882283,0.8926019244056849
data/UCF-101/RopeClimbing/v_RopeClimbing_g02_c06.avi,RopeClimbing,Holding [something],0.543331503868103,Twisting [something],0.06180884689092636,Trying to bend [something unbendable] so nothing happens,0.060659442096948624,277.39970802213065,0.6735062828576283
data/UCF-101/Rowing/v_Rowing_g01_c01.avi,Rowing,Showing [something] to the camera,0.7460293769836426,Pulling [something] from right to left,0.09068822860717773,Moving [part] of [something],0.06563615798950195,277.2214580036234,0.6150293528548774
data/UCF-101/Rowing/v_Rowing_g01_c02.avi,Rowing,Pulling [something] from left to right,0.24925123155117035,Moving [something] and [something] so they pass each other,0.1808856576681137,Turning the camera left while filming [something],0.17524835467338562,278.9227920002304,0.9607818031304444
data/UCF-101/Rowing/v_Rowing_g01_c03.avi,Rowing,Turning the camera left while filming [something],0.5389539003372192,Approaching [something] with your camera,0.25823974609375,Showing a photo of [something] to the camera,0.10241969674825668,278.3649580087513,0.9161445760675613
data/UCF-101/Rowing/v_Rowing_g01_c04.avi,Rowing,Pushing [something] with [something],0.5046128630638123,Hitting [something] with [something],0.0640232264995575,Moving [something] closer to [something],0.05216946080327034,277.7557500230614,0.6751752203951658
data/UCF-101/Rowing/v_Rowing_g02_c01.avi,Rowing,Pulling [something] from right to left,0.3947056531906128,Pushing [something] with [something],0.31798672676086426,Pushing [something] from right to left,0.058771129697561264,277.70395798143,0.8978197151208931
data/UCF-101/Rowing/v_Rowing_g02_c02.avi,Rowing,Approaching [something] with your camera,0.5185144543647766,Showing [something] behind [something],0.1582241952419281,Showing a photo of [something] to the camera,0.06744321435689926,277.85012498497963,0.8141369448401923
data/UCF-101/Rowing/v_Rowing_g02_c03.avi,Rowing,Pushing [something] with [something],0.23066997528076172,Pulling [something] from right to left,0.16516239941120148,Pulling [something] from left to right,0.1586116999387741,277.56254200357944,0.9278190413899249
data/UCF-101/Rowing/v_Rowing_g02_c04.avi,Rowing,Moving [something] and [something] so they pass each other,0.21238712966442108,Turning the camera left while filming [something],0.12688244879245758,Pushing [something] from left to right,0.10594624280929565,278.7103749869857,0.828839542560705
data/UCF-101/Rowing/v_Rowing_g02_c05.avi,Rowing,Moving [something] and [something] so they pass each other,0.5156283378601074,Wiping [something] off of [something],0.08580400049686432,Pushing [something] with [something],0.06466512382030487,279.36833299463615,0.729331839794017
data/UCF-101/Rowing/v_Rowing_g02_c06.avi,Rowing,Pushing [something] with [something],0.31235969066619873,Pulling [something] from right to left,0.3014960289001465,Moving [something] closer to [something],0.10799635201692581,279.0333339944482,0.9653178976848316
data/UCF-101/SalsaSpin/v_SalsaSpin_g01_c01.avi,SalsaSpin,Throwing [something] in the air and catching it,0.1743861734867096,Spinning [something] so it continues spinning,0.07433424890041351,Twisting [something],0.05676433444023132,277.13641701848246,0.6606190419960773
data/UCF-101/SalsaSpin/v_SalsaSpin_g01_c02.avi,SalsaSpin,Throwing [something] in the air and catching it,0.26603344082832336,Spinning [something] so it continues spinning,0.15040239691734314,Closing [something],0.06298326700925827,277.5567499920726,0.8113337491584129
data/UCF-101/SalsaSpin/v_SalsaSpin_g01_c03.avi,SalsaSpin,Closing [something],0.08605868369340897,Unfolding [something],0.08255159854888916,Turning [something] upside down,0.06755439192056656,277.07262500189245,0.5990365053516439
data/UCF-101/SalsaSpin/v_SalsaSpin_g01_c04.avi,SalsaSpin,Twisting [something],0.14671185612678528,Pretending or trying and failing to twist [something],0.12851911783218384,Throwing [something] in the air and catching it,0.10280356556177139,276.8597079848405,0.779133082622442
data/UCF-101/SalsaSpin/v_SalsaSpin_g01_c05.avi,SalsaSpin,Throwing [something] in the air and catching it,0.37658369541168213,Spinning [something] so it continues spinning,0.07842928171157837,Hitting [something] with [something],0.042988479137420654,278.70070800418034,0.7027006898582221
data/UCF-101/SalsaSpin/v_SalsaSpin_g01_c06.avi,SalsaSpin,Throwing [something] in the air and catching it,0.11852618306875229,Putting [something] into [something],0.06483504176139832,Pushing [something] so it spins,0.04366149753332138,278.8230419973843,0.5668710013215391
data/UCF-101/SalsaSpin/v_SalsaSpin_g01_c07.avi,SalsaSpin,Spinning [something] so it continues spinning,0.25285086035728455,Throwing [something] in the air and catching it,0.10593131929636002,Pushing [something] so it spins,0.07926371693611145,278.9055419852957,0.7864022254543991
data/UCF-101/SalsaSpin/v_SalsaSpin_g02_c01.avi,SalsaSpin,Twisting [something],0.1841454952955246,Spreading [something] onto [something],0.1588321477174759,Spinning [something] so it continues spinning,0.14218904078006744,277.55883301142603,0.8811696005249723
data/UCF-101/SalsaSpin/v_SalsaSpin_g02_c02.avi,SalsaSpin,Twisting [something],0.1859721839427948,Throwing [something] in the air and catching it,0.16798342764377594,Spreading [something] onto [something],0.11090762168169022,278.56716699898243,0.8563908308055412
data/UCF-101/SalsaSpin/v_SalsaSpin_g02_c03.avi,SalsaSpin,Spreading [something] onto [something],0.15247094631195068,Pushing [something] so it spins,0.15085384249687195,Spinning [something] so it continues spinning,0.14433875679969788,278.83491601096466,0.8514770441257012
data/UCF-101/ShavingBeard/v_ShavingBeard_g01_c01.avi,ShavingBeard,Spreading [something] onto [something],0.24394431710243225,Putting [something] into [something],0.09013450890779495,Sprinkling [something] onto [something],0.0717432051897049,278.31962500931695,0.7500838631084206
data/UCF-101/ShavingBeard/v_ShavingBeard_g01_c02.avi,ShavingBeard,Plugging [something] into [something] but pulling it right out as you remove your hand,0.8046862483024597,Trying but failing to attach [something] to [something] because it doesn't stick,0.1038791760802269,Pushing [something] with [something],0.02522236481308937,277.7315000130329,0.502916692864867
data/UCF-101/ShavingBeard/v_ShavingBeard_g01_c03.avi,ShavingBeard,Plugging [something] into [something] but pulling it right out as you remove your hand,0.7037604451179504,Plugging [something] into [something],0.05941618233919144,Trying but failing to attach [something] to [something] because it doesn't stick,0.05517984926700592,278.2851250085514,0.5748509923836094
data/UCF-101/ShavingBeard/v_ShavingBeard_g01_c04.avi,ShavingBeard,Plugging [something] into [something] but pulling it right out as you remove your hand,0.7731848359107971,Trying but failing to attach [something] to [something] because it doesn't stick,0.08015692234039307,Pretending to close [something] without actually closing it,0.03358260542154312,277.57249999558553,0.515160285099106
data/UCF-101/ShavingBeard/v_ShavingBeard_g02_c01.avi,ShavingBeard,Pretending to squeeze [something],0.3998790681362152,Squeezing [something],0.30857160687446594,Holding [something],0.06512049585580826,276.9483749871142,0.9072229817079412
data/UCF-101/ShavingBeard/v_ShavingBeard_g02_c02.avi,ShavingBeard,Squeezing [something],0.4149591326713562,Pretending to squeeze [something],0.2467479705810547,Hitting [something] with [something],0.15556316077709198,277.9939169995487,0.9997407941181184
data/UCF-101/ShavingBeard/v_ShavingBeard_g02_c03.avi,ShavingBeard,Spreading [something] onto [something],0.7532278299331665,Hitting [something] with [something],0.11535634100437164,Poking a hole into [something soft],0.01855798251926899,278.4146660123952,0.5365818394920536
data/UCF-101/ShavingBeard/v_ShavingBeard_g02_c04.avi,ShavingBeard,Spreading [something] onto [something],0.9105958938598633,Hitting [something] with [something],0.03552508354187012,Pretending to scoop [something] up with [something],0.008009801618754864,277.69391698529944,0.2425123995435178
data/UCF-101/ShavingBeard/v_ShavingBeard_g02_c05.avi,ShavingBeard,Spreading [something] onto [something],0.33258292078971863,Pushing [something] with [something],0.09782042354345322,Poking [something] so it slightly moves,0.06256657093763351,277.5104579923209,0.7669295115585114
data/UCF-101/ShavingBeard/v_ShavingBeard_g02_c06.avi,ShavingBeard,Squeezing [something],0.18909990787506104,Hitting [something] with [something],0.16859492659568787,Moving [part] of [something],0.10029090195894241,278.631207998842,0.8457212702689026
data/UCF-101/Shotput/v_Shotput_g01_c01.avi,Shotput,Turning [something] upside down,0.5787333250045776,Spinning [something] that quickly stops spinning,0.10018906742334366,Unfolding [something],0.043881163001060486,277.09883300121874,0.6842060366677961
data/UCF-101/Shotput/v_Shotput_g01_c02.avi,Shotput,Turning [something] upside down,0.34813711047172546,Spinning [something] that quickly stops spinning,0.267683207988739,Pretending to turn [something] upside down,0.07055255025625229,277.8248749964405,0.9071961827654041
data/UCF-101/Shotput/v_Shotput_g01_c03.avi,Shotput,Spinning [something] that quickly stops spinning,0.4474400579929352,Turning [something] upside down,0.1547268182039261,Spinning [something] so it continues spinning,0.12747663259506226,278.4621249884367,0.9111509897223633
data/UCF-101/Shotput/v_Shotput_g01_c04.avi,Shotput,Pretending to turn [something] upside down,0.274623841047287,Turning [something] upside down,0.22780689597129822,Spinning [something] that quickly stops spinning,0.21232226490974426,278.5610420105513,1.0209210779797206
data/UCF-101/Shotput/v_Shotput_g01_c05.avi,Shotput,Spinning [something] that quickly stops spinning,0.3261502981185913,Turning [something] upside down,0.2842942178249359,Pretending to turn [something] upside down,0.181986466050148,276.9644999934826,1.0330603243605476
data/UCF-101/Shotput/v_Shotput_g01_c06.avi,Shotput,Spinning [something] that quickly stops spinning,0.43432676792144775,Turning [something] upside down,0.16037389636039734,Spinning [something] so it continues spinning,0.12316479533910751,278.65891699912027,0.9136698838550759
data/UCF-101/Shotput/v_Shotput_g01_c07.avi,Shotput,Turning [something] upside down,0.3701207637786865,Spinning [something] that quickly stops spinning,0.33247312903404236,Spinning [something] so it continues spinning,0.036763329058885574,278.48862498649396,0.8554294149791821
data/UCF-101/Shotput/v_Shotput_g02_c01.avi,Shotput,Throwing [something] against [something],0.9115127325057983,Throwing [something],0.02735811099410057,Throwing [something] in the air and letting it fall,0.01973738521337509,277.41495802183636,0.2603801731489254
data/UCF-101/Shotput/v_Shotput_g02_c02.avi,Shotput,Throwing [something] against [something],0.3720041811466217,Throwing [something],0.36719292402267456,Dropping [something] next to [something],0.040600601583719254,277.83645800082013,0.8658184099986148
data/UCF-101/Shotput/v_Shotput_g02_c03.avi,Shotput,Throwing [something] against [something],0.43872785568237305,Throwing [something],0.3139936625957489,Throwing [something] in the air and letting it fall,0.03470541909337044,279.4738330121618,0.8418221319134194
data/UCF-101/SkateBoarding/v_SkateBoarding_g01_c01.avi,SkateBoarding,Approaching [something] with your camera,0.519475519657135,Throwing [something] onto a surface,0.1726778894662857,Letting [something] roll down a slanted surface,0.0981350764632225,278.20941698155366,0.8713136924676828
data/UCF-101/SkateBoarding/v_SkateBoarding_g01_c02.avi,SkateBoarding,Letting [something] roll down a slanted surface,0.7248283624649048,Letting [something] roll along a flat surface,0.06597001105546951,"Putting [something] that can't roll onto a slanted surface, so it slides down",0.06486153602600098,278.2180000212975,0.5900364171754919
data/UCF-101/SkateBoarding/v_SkateBoarding_g01_c03.avi,SkateBoarding,Letting [something] roll down a slanted surface,0.7726020812988281,Letting [something] roll along a flat surface,0.07134377211332321,"Letting [something] roll up a slanted surface, so it rolls back down",0.06278829276561737,281.6375410184264,0.5614866968930032
data/UCF-101/SkateBoarding/v_SkateBoarding_g01_c04.avi,SkateBoarding,Approaching [something] with your camera,0.7917798161506653,Moving [something] towards the camera,0.09320753812789917,Moving [something] and [something] so they pass each other,0.036217596381902695,279.68400000827387,0.5262106173747734
data/UCF-101/SkateBoarding/v_SkateBoarding_g02_c01.avi,SkateBoarding,Throwing [something] in the air and catching it,0.21951022744178772,Throwing [something] in the air and letting it fall,0.1992809772491455,Spinning [something] that quickly stops spinning,0.07823427021503448,277.5298340129666,0.853648474175209
data/UCF-101/SkateBoarding/v_SkateBoarding_g02_c02.avi,SkateBoarding,Letting [something] roll along a flat surface,0.6935396194458008,"Letting [something] roll up a slanted surface, so it rolls back down",0.09377168118953705,Letting [something] roll down a slanted surface,0.08015011996030807,278.41633299249224,0.6780333514941488
data/UCF-101/SkateBoarding/v_SkateBoarding_g02_c03.avi,SkateBoarding,Letting [something] roll down a slanted surface,0.2943955957889557,"Letting [something] roll up a slanted surface, so it rolls back down",0.21316449344158173,"Putting [something] that can't roll onto a slanted surface, so it slides down",0.1273411065340042,278.5061250033323,0.9519179790407222
data/UCF-101/SkateBoarding/v_SkateBoarding_g02_c04.avi,SkateBoarding,Rolling [something] on a flat surface,0.3288179934024811,Letting [something] roll along a flat surface,0.21705962717533112,Moving [something] and [something] so they pass each other,0.16660429537296295,278.11520799878053,0.9958819262196779
data/UCF-101/SkateBoarding/v_SkateBoarding_g02_c05.avi,SkateBoarding,Letting [something] roll down a slanted surface,0.37365636229515076,"Putting [something] that can't roll onto a slanted surface, so it slides down",0.16373339295387268,Pulling [something] onto [something],0.16132290661334991,277.4077079957351,0.9584214917241716
data/UCF-101/SkateBoarding/v_SkateBoarding_g02_c06.avi,SkateBoarding,Spinning [something] so it continues spinning,0.2632165551185608,Rolling [something] on a flat surface,0.172417551279068,Letting [something] roll along a flat surface,0.08709409087896347,277.7911659795791,0.8669938308236321
data/UCF-101/Skiing/v_Skiing_g01_c01.avi,Skiing,Letting [something] roll down a slanted surface,0.7541216015815735,Letting [something] roll along a flat surface,0.0766080915927887,Hitting [something] with [something],0.030925234779715538,277.35683298669755,0.5171263420805875
data/UCF-101/Skiing/v_Skiing_g01_c02.avi,Skiing,Letting [something] roll down a slanted surface,0.5664595365524292,"Letting [something] roll up a slanted surface, so it rolls back down",0.17094352841377258,Hitting [something] with [something],0.046282775700092316,277.10495798964985,0.7661317735697747
data/UCF-101/Skiing/v_Skiing_g01_c03.avi,Skiing,Letting [something] roll down a slanted surface,0.4989948868751526,Moving away from [something] with your camera,0.09428214281797409,Digging [something] out of [something],0.07552067935466766,278.22008400107734,0.7646210907391207
data/UCF-101/Skiing/v_Skiing_g01_c04.avi,Skiing,Moving away from [something] with your camera,0.764041006565094,Letting [something] roll down a slanted surface,0.09337909519672394,Moving [something] away from the camera,0.046293988823890686,278.0492079909891,0.5692888415238215
data/UCF-101/Skiing/v_Skiing_g01_c05.avi,Skiing,Pulling [something] onto [something],0.2362363189458847,Moving [something] down,0.21194180846214294,Letting [something] roll down a slanted surface,0.052407391369342804,278.01154198823497,0.8242205517283527
data/UCF-101/Skiing/v_Skiing_g01_c06.avi,Skiing,Letting [something] roll down a slanted surface,0.40007463097572327,Pulling [something] onto [something],0.1476140171289444,Spinning [something] so it continues spinning,0.07544097304344177,277.66591697582044,0.8438884537061664
data/UCF-101/Skiing/v_Skiing_g02_c01.avi,Skiing,Approaching [something] with your camera,0.36228081583976746,Letting [something] roll down a slanted surface,0.11933988332748413,Letting [something] roll along a flat surface,0.041264262050390244,277.78891698108055,0.7530674233307509
data/UCF-101/Skiing/v_Skiing_g02_c02.avi,Skiing,Approaching [something] with your camera,0.5309191942214966,Moving away from [something] with your camera,0.15702684223651886,Letting [something] roll down a slanted surface,0.107384592294693,278.69674999965355,0.8664702935729788
data/UCF-101/Skiing/v_Skiing_g02_c03.avi,Skiing,Approaching [something] with your camera,0.44245433807373047,Letting [something] roll down a slanted surface,0.28860726952552795,Throwing [something] onto a surface,0.09750185161828995,276.6819999960717,0.9464071461557433
data/UCF-101/Skiing/v_Skiing_g02_c04.avi,Skiing,Letting [something] roll down a slanted surface,0.3115001320838928,Pulling [something] onto [something],0.18985554575920105,"Putting [something] that can't roll onto a slanted surface, so it slides down",0.06038305535912514,277.94262501993217,0.8482613856931708
data/UCF-101/Skijet/v_Skijet_g01_c01.avi,Skijet,Wiping [something] off of [something],0.16894134879112244,Approaching [something] with your camera,0.1124625951051712,Pulling [something] from left to right,0.06902473419904709,278.3186669985298,0.7306811918165053
data/UCF-101/Skijet/v_Skijet_g01_c02.avi,Skijet,Attaching [something] to [something],0.2625638544559479,Pulling [something] onto [something],0.1260959804058075,Pulling [something] from left to right,0.042293570935726166,278.0067080166191,0.7460044917690488
data/UCF-101/Skijet/v_Skijet_g01_c03.avi,Skijet,Spinning [something] so it continues spinning,0.11027359962463379,Pulling [something] from left to right,0.10032982379198074,Wiping [something] off of [something],0.07948555797338486,277.6272499759216,0.6750895346558446
data/UCF-101/Skijet/v_Skijet_g01_c04.avi,Skijet,Pushing [something] with [something],0.3092364966869354,Wiping [something] off of [something],0.18753789365291595,Pulling [something] from left to right,0.07036968320608139,278.2711250183638,0.8635918297789711
data/UCF-101/Skijet/v_Skijet_g02_c01.avi,Skijet,Pulling [something] onto [something],0.17550423741340637,Pulling [something] from right to left,0.12879925966262817,Pushing [something] with [something],0.10097751021385193,277.82537500024773,0.8008946828015118
data/UCF-101/Skijet/v_Skijet_g02_c02.avi,Skijet,Pulling [something] from left to right,0.5285676717758179,Pushing [something] from left to right,0.14285039901733398,Wiping [something] off of [something],0.1161278486251831,277.80062501551583,0.8650179441734593
data/UCF-101/Skijet/v_Skijet_g02_c03.avi,Skijet,Moving [part] of [something],0.33392801880836487,Pulling [something] from right to left,0.11916135996580124,Pulling [something] onto [something],0.10826457291841507,281.88241700991057,0.8604427389410492
data/UCF-101/Skijet/v_Skijet_g02_c04.avi,Skijet,Pushing [something] with [something],0.42062142491340637,Moving [part] of [something],0.10926781594753265,Pulling [something] from right to left,0.0731220543384552,278.635334019782,0.7974411831448665
data/UCF-101/Skijet/v_Skijet_g03_c01.avi,Skijet,Pulling [something] onto [something],0.22548945248126984,Wiping [something] off of [something],0.16326560080051422,Pulling [something] from behind of [something],0.1356005221605301,277.51945800264366,0.902696814215039
data/UCF-101/Skijet/v_Skijet_g03_c02.avi,Skijet,Pulling [something] from left to right,0.2626703083515167,Wiping [something] off of [something],0.12772950530052185,Spreading [something] onto [something],0.09293117374181747,278.0099159863312,0.8347940396236633
data/UCF-101/SkyDiving/v_SkyDiving_g01_c01.avi,SkyDiving,Spinning [something] so it continues spinning,0.17132043838500977,Turning the camera left while filming [something],0.13026270270347595,Moving [something] towards the camera,0.07089003920555115,278.8060829916503,0.7553679552121115
data/UCF-101/SkyDiving/v_SkyDiving_g01_c02.avi,SkyDiving,Showing [something] to the camera,0.31322476267814636,Turning [something] upside down,0.1775868982076645,Holding [something],0.053691767156124115,277.2274170129094,0.8275459581915858
data/UCF-101/SkyDiving/v_SkyDiving_g01_c03.avi,SkyDiving,Trying to bend [something unbendable] so nothing happens,0.3110108971595764,Pretending or trying and failing to twist [something],0.08143483102321625,Pulling two ends of [something] but nothing happens,0.06537512689828873,276.7062080092728,0.7457908625205815
data/UCF-101/SkyDiving/v_SkyDiving_g01_c04.avi,SkyDiving,Pretending or trying and failing to twist [something],0.14306610822677612,Moving away from [something] with your camera,0.1295197308063507,Spinning [something] so it continues spinning,0.09839554131031036,278.6010419949889,0.7710685314965238
data/UCF-101/SkyDiving/v_SkyDiving_g02_c01.avi,SkyDiving,Spinning [something] so it continues spinning,0.3793075382709503,Moving [something] down,0.20512408018112183,Pulling [something] from left to right,0.05139828100800514,277.6711669866927,0.8452068854879429
data/UCF-101/SkyDiving/v_SkyDiving_g02_c02.avi,SkyDiving,Spinning [something] so it continues spinning,0.5869055390357971,Spinning [something] that quickly stops spinning,0.07181459665298462,Turning [something] upside down,0.04073139280080795,277.25616699899547,0.6322639380582126
data/UCF-101/SkyDiving/v_SkyDiving_g02_c03.avi,SkyDiving,Spinning [something] so it continues spinning,0.4650132358074188,Showing [something] to the camera,0.3664729595184326,Pretending or trying and failing to twist [something],0.018643978983163834,277.89937498164363,0.7981771090570432
data/UCF-101/SkyDiving/v_SkyDiving_g02_c04.avi,SkyDiving,Spinning [something] so it continues spinning,0.6951603293418884,[Something] falling like a feather or paper,0.12159950286149979,Spinning [something] that quickly stops spinning,0.05367859825491905,278.73787499265745,0.6659780407081471
data/UCF-101/SkyDiving/v_SkyDiving_g03_c01.avi,SkyDiving,Moving [something] towards the camera,0.4288640320301056,Approaching [something] with your camera,0.3592521548271179,Lifting [something] up completely without letting it drop down,0.07693641632795334,277.1929170121439,0.9281850242031989
data/UCF-101/SkyDiving/v_SkyDiving_g03_c02.avi,SkyDiving,Trying to bend [something unbendable] so nothing happens,0.7713627219200134,Showing [something] to the camera,0.04306979477405548,Pretending or trying and failing to twist [something],0.036232758313417435,277.88570799748413,0.455907485013128
data/UCF-101/SoccerJuggling/v_SoccerJuggling_g01_c01.avi,SoccerJuggling,Throwing [something] in the air and letting it fall,0.3607296645641327,Hitting [something] with [something],0.31596577167510986,[Something] colliding with [something] and both are being deflected,0.06658992171287537,276.1645409918856,0.9122459833076605
data/UCF-101/SoccerJuggling/v_SoccerJuggling_g01_c02.avi,SoccerJuggling,Hitting [something] with [something],0.6590489745140076,Throwing [something] in the air and catching it,0.1347200721502304,[Something] colliding with [something] and both are being deflected,0.06652487069368362,276.24004101380706,0.7251436563767717
data/UCF-101/SoccerJuggling/v_SoccerJuggling_g01_c03.avi,SoccerJuggling,Hitting [something] with [something],0.3981856405735016,Throwing [something] in the air and catching it,0.2324530929327011,Throwing [something] in the air and letting it fall,0.12604394555091858,273.9249589794781,0.9668813700377736
data/UCF-101/SoccerJuggling/v_SoccerJuggling_g01_c04.avi,SoccerJuggling,Hitting [something] with [something],0.43656933307647705,Throwing [something] in the air and letting it fall,0.2080237716436386,Throwing [something] in the air and catching it,0.08934959769248962,276.3323330145795,0.9042479383969324
data/UCF-101/SoccerJuggling/v_SoccerJuggling_g01_c05.avi,SoccerJuggling,Hitting [something] with [something],0.6636409759521484,Throwing [something] in the air and letting it fall,0.07577821612358093,[Something] colliding with [something] and both are being deflected,0.07422817498445511,277.3935830045957,0.6606443036499854
data/UCF-101/SoccerJuggling/v_SoccerJuggling_g02_c01.avi,SoccerJuggling,Throwing [something] in the air and catching it,0.3314114212989807,Throwing [something] in the air and letting it fall,0.3047325015068054,Hitting [something] with [something],0.14507469534873962,277.54900002037175,1.0081966770555135
data/UCF-101/SoccerJuggling/v_SoccerJuggling_g02_c02.avi,SoccerJuggling,Throwing [something] in the air and catching it,0.36488956212997437,Throwing [something] in the air and letting it fall,0.3075600862503052,Hitting [something] with [something],0.24439260363578796,275.72691699606366,1.074850806695808
data/UCF-101/SoccerJuggling/v_SoccerJuggling_g02_c03.avi,SoccerJuggling,Throwing [something] in the air and catching it,0.4375528395175934,Throwing [something] in the air and letting it fall,0.3905893862247467,Hitting [something] with [something],0.08646481484174728,277.6605830003973,0.9405225826015401
data/UCF-101/SoccerJuggling/v_SoccerJuggling_g02_c04.avi,SoccerJuggling,Throwing [something] in the air and letting it fall,0.45255711674690247,Throwing [something] in the air and catching it,0.4319611191749573,Hitting [something] with [something],0.035855721682310104,279.8144160187803,0.8407395254836962
data/UCF-101/SoccerJuggling/v_SoccerJuggling_g02_c05.avi,SoccerJuggling,Throwing [something] in the air and catching it,0.3049888014793396,Throwing [something] in the air and letting it fall,0.2881883978843689,Hitting [something] with [something],0.122169628739357,277.22000001813285,0.9775578116648596
data/UCF-101/SoccerPenalty/v_SoccerPenalty_g01_c01.avi,SoccerPenalty,Letting [something] roll along a flat surface,0.19236336648464203,Rolling [something] on a flat surface,0.08965648710727692,Showing [something] behind [something],0.08709945529699326,278.6992500186898,0.7459006872400736
data/UCF-101/SoccerPenalty/v_SoccerPenalty_g01_c02.avi,SoccerPenalty,Letting [something] roll along a flat surface,0.12917642295360565,Hitting [something] with [something],0.08802199363708496,Putting [something similar to other things that are already on the table],0.06189005449414253,279.06904101837426,0.650480299968653
data/UCF-101/SoccerPenalty/v_SoccerPenalty_g01_c03.avi,SoccerPenalty,Moving [something] closer to [something],0.3694252669811249,Letting [something] roll along a flat surface,0.047855913639068604,Turning the camera left while filming [something],0.045086756348609924,278.52395799709484,0.6530685214139558
data/UCF-101/SoccerPenalty/v_SoccerPenalty_g01_c04.avi,SoccerPenalty,Letting [something] roll along a flat surface,0.41966620087623596,Rolling [something] on a flat surface,0.1515057533979416,Moving [something] and [something] so they pass each other,0.09567512571811676,278.58366700820625,0.8748357320296554
data/UCF-101/SoccerPenalty/v_SoccerPenalty_g01_c05.avi,SoccerPenalty,Letting [something] roll along a flat surface,0.29670703411102295,Rolling [something] on a flat surface,0.11711657792329788,Turning the camera left while filming [something],0.10286605358123779,278.24779201182537,0.8456196385189279
data/UCF-101/SoccerPenalty/v_SoccerPenalty_g01_c06.avi,SoccerPenalty,Hitting [something] with [something],0.3749209940433502,Letting [something] roll along a flat surface,0.13841676712036133,[Something] colliding with [something] and both are being deflected,0.05342809483408928,277.9957090097014,0.7980429600816878
data/UCF-101/SoccerPenalty/v_SoccerPenalty_g02_c01.avi,SoccerPenalty,Approaching [something] with your camera,0.9774991273880005,Turning the camera left while filming [something],0.0038258323911577463,Showing [something] behind [something],0.002376122400164604,277.7659169805702,0.057897520542606724
data/UCF-101/SoccerPenalty/v_SoccerPenalty_g02_c02.avi,SoccerPenalty,Approaching [something] with your camera,0.8894962668418884,Turning the camera left while filming [something],0.02791975438594818,Moving [something] towards the camera,0.026025734841823578,277.7358340099454,0.299027917653814
data/UCF-101/SoccerPenalty/v_SoccerPenalty_g02_c03.avi,SoccerPenalty,Approaching [something] with your camera,0.9539032578468323,Throwing [something] onto a surface,0.017276810482144356,Throwing [something] against [something],0.005469683092087507,278.3483340172097,0.14362264524123253
data/UCF-101/SoccerPenalty/v_SoccerPenalty_g02_c04.avi,SoccerPenalty,Approaching [something] with your camera,0.8819177150726318,Throwing [something] against [something],0.0209523756057024,Throwing [something] onto a surface,0.018926844000816345,277.30662500835024,0.2668962717000215
data/UCF-101/StillRings/v_StillRings_g01_c01.avi,StillRings,Throwing [something] in the air and letting it fall,0.36474788188934326,Turning [something] upside down,0.23339666426181793,[Something] falling like a feather or paper,0.11282762885093689,278.9103339891881,0.9536398505430679
data/UCF-101/StillRings/v_StillRings_g01_c02.avi,StillRings,Turning [something] upside down,0.4890555739402771,Pretending to turn [something] upside down,0.162919282913208,Throwing [something] in the air and letting it fall,0.10604222118854523,279.73787498194724,0.8833784011994036
data/UCF-101/StillRings/v_StillRings_g01_c03.avi,StillRings,Throwing [something] in the air and letting it fall,0.5993949174880981,Throwing [something] in the air and catching it,0.2372310608625412,[Something] falling like a feather or paper,0.04241322726011276,276.23995899921283,0.7821386011387714
data/UCF-101/StillRings/v_StillRings_g01_c04.avi,StillRings,Throwing [something] in the air and letting it fall,0.6065381765365601,Turning [something] upside down,0.10638231784105301,Throwing [something] in the air and catching it,0.10526838153600693,276.00520799751393,0.7786187425658689
data/UCF-101/StillRings/v_StillRings_g01_c05.avi,StillRings,Throwing [something] in the air and letting it fall,0.41315197944641113,Throwing [something] in the air and catching it,0.3276558816432953,Turning [something] upside down,0.16498954594135284,275.7049170031678,1.0280873012169356
data/UCF-101/StillRings/v_StillRings_g02_c01.avi,StillRings,Throwing [something] in the air and letting it fall,0.4267277717590332,Throwing [something] in the air and catching it,0.1757400631904602,Turning [something] upside down,0.16905705630779266,275.69991699419916,0.9694752545120292
data/UCF-101/StillRings/v_StillRings_g02_c02.avi,StillRings,Turning [something] upside down,0.821058452129364,Twisting [something],0.06323213130235672,Pretending to turn [something] upside down,0.030052077025175095,273.7445420061704,0.4417882024845228
data/UCF-101/StillRings/v_StillRings_g02_c03.avi,StillRings,Throwing [something] in the air and letting it fall,0.5027047991752625,Throwing [something] in the air and catching it,0.17601177096366882,[Something] falling like a feather or paper,0.10599000751972198,275.83183301612735,0.889389817239286
data/UCF-101/StillRings/v_StillRings_g02_c04.avi,StillRings,Throwing [something] in the air and letting it fall,0.5434464812278748,Throwing [something] in the air and catching it,0.14804492890834808,[Something] falling like a feather or paper,0.14336182177066803,275.4619590123184,0.892671654992536
data/UCF-101/StillRings/v_StillRings_g03_c01.avi,StillRings,Throwing [something] in the air and letting it fall,0.6206461191177368,[Something] falling like a feather or paper,0.11784293502569199,Throwing [something] in the air and catching it,0.10777156800031662,273.9499169983901,0.7881274314640889
data/UCF-101/SumoWrestling/v_SumoWrestling_g01_c01.avi,SumoWrestling,Twisting [something],0.39978107810020447,Spreading [something] onto [something],0.11792715638875961,Folding [something],0.04495568946003914,275.8316660183482,0.7580820978695308
data/UCF-101/SumoWrestling/v_SumoWrestling_g01_c02.avi,SumoWrestling,Closing [something],0.12031913548707962,Taking [something] out of [something],0.08005689084529877,Twisting [something],0.0714210793375969,276.11849998356774,0.6454256018307072
data/UCF-101/SumoWrestling/v_SumoWrestling_g01_c03.avi,SumoWrestling,Putting [something] into [something],0.3848031461238861,Stuffing [something] into [something],0.15953952074050903,Closing [something],0.10037758946418762,275.9029169974383,0.8910746267441034
data/UCF-101/SumoWrestling/v_SumoWrestling_g01_c04.avi,SumoWrestling,Putting [something] into [something],0.45462915301322937,Stuffing [something] into [something],0.16417840123176575,Putting [something] onto [something],0.07812043279409409,274.94895897689275,0.8541781256238071
data/UCF-101/SumoWrestling/v_SumoWrestling_g02_c01.avi,SumoWrestling,Stuffing [something] into [something],0.1469624638557434,Putting [something] into [something],0.12733717262744904,Putting [something] onto [something],0.08102705329656601,275.57904200511985,0.7478620487231455
data/UCF-101/SumoWrestling/v_SumoWrestling_g02_c02.avi,SumoWrestling,Closing [something],0.10668566077947617,Opening [something],0.10356898605823517,Turning [something] upside down,0.09607177972793579,275.48020900576375,0.6986564377044544
data/UCF-101/SumoWrestling/v_SumoWrestling_g02_c03.avi,SumoWrestling,Sprinkling [something] onto [something],0.1814376562833786,Taking [one of many similar things on the table],0.13006284832954407,Throwing [something] in the air and catching it,0.07264978438615799,275.71158300270326,0.7654750463126765
data/UCF-101/SumoWrestling/v_SumoWrestling_g02_c04.avi,SumoWrestling,Squeezing [something],0.7719892859458923,Stuffing [something] into [something],0.05611740052700043,Holding [something],0.03578657656908035,276.9855000078678,0.480590244969008
data/UCF-101/SumoWrestling/v_SumoWrestling_g03_c01.avi,SumoWrestling,Turning [something] upside down,0.16348770260810852,Spinning [something] so it continues spinning,0.08636253327131271,Opening [something],0.08027078211307526,276.4624999836087,0.7100692969810835
data/UCF-101/SumoWrestling/v_SumoWrestling_g03_c02.avi,SumoWrestling,Turning [something] upside down,0.17844071984291077,Throwing [something] in the air and letting it fall,0.07979990541934967,Twisting [something],0.07788846641778946,277.18170901061967,0.7081036731995805
data/UCF-101/Surfing/v_Surfing_g01_c01.avi,Surfing,Wiping [something] off of [something],0.22937417030334473,Spreading [something] onto [something],0.09710118919610977,Folding [something],0.0924755334854126,276.6771250171587,0.7843376007832699
data/UCF-101/Surfing/v_Surfing_g01_c02.avi,Surfing,Folding [something],0.2759438455104828,Digging [something] out of [something],0.16125930845737457,Wiping [something] off of [something],0.08491344004869461,277.4066669808235,0.8589572225213478
data/UCF-101/Surfing/v_Surfing_g01_c03.avi,Surfing,Wiping [something] off of [something],0.3308247923851013,Digging [something] out of [something],0.11552879214286804,Folding [something],0.09582547098398209,277.3541250207927,0.8400180583461141
data/UCF-101/Surfing/v_Surfing_g01_c04.avi,Surfing,Wiping [something] off of [something],0.24424080550670624,Spreading [something] onto [something],0.17649181187152863,Covering [something] with [something],0.08473651111125946,275.8878330059815,0.8595510463313707
data/UCF-101/Surfing/v_Surfing_g01_c05.avi,Surfing,Folding [something],0.16693712770938873,Unfolding [something],0.12455599009990692,Covering [something] with [something],0.0969960168004036,278.11012498568743,0.7845906064149007
data/UCF-101/Surfing/v_Surfing_g01_c06.avi,Surfing,Wiping [something] off of [something],0.18302202224731445,Spreading [something] onto [something],0.1544039249420166,Covering [something] with [something],0.1018812358379364,279.5638749958016,0.8319448415115305
data/UCF-101/Surfing/v_Surfing_g01_c07.avi,Surfing,Wiping [something] off of [something],0.21180760860443115,Folding [something],0.18496489524841309,Covering [something] with [something],0.13342981040477753,278.6311669915449,0.9096380818170244
data/UCF-101/Surfing/v_Surfing_g02_c01.avi,Surfing,Uncovering [something],0.09508519619703293,Covering [something] with [something],0.07851006835699081,Closing [something],0.0782565027475357,280.85737497895025,0.6228839021263479
data/UCF-101/Surfing/v_Surfing_g02_c02.avi,Surfing,Lifting [something] up completely without letting it drop down,0.10550853610038757,Wiping [something] off of [something],0.0657157152891159,Folding [something],0.0628865584731102,278.06800001417287,0.5901612416772766
data/UCF-101/Surfing/v_Surfing_g02_c03.avi,Surfing,Wiping [something] off of [something],0.29091402888298035,Spreading [something] onto [something],0.1953790932893753,Covering [something] with [something],0.11676418781280518,279.81987499515526,0.928979814345879
data/UCF-101/Swing/v_Swing_g01_c01.avi,Swing,Pretending to put [something] underneath [something],0.2657274007797241,"Letting [something] roll up a slanted surface, so it rolls back down",0.2563023269176483,[Something] falling like a feather or paper,0.07863511145114899,280.8003749814816,0.901057849473764
data/UCF-101/Swing/v_Swing_g01_c02.avi,Swing,Throwing [something] in the air and catching it,0.3252484202384949,Throwing [something] in the air and letting it fall,0.19694463908672333,[Something] falling like a feather or paper,0.14907525479793549,279.7217500046827,0.9690455787552852
data/UCF-101/Swing/v_Swing_g01_c03.avi,Swing,Throwing [something] in the air and catching it,0.7422664165496826,Throwing [something] in the air and letting it fall,0.08943500369787216,Throwing [something] against [something],0.04318852350115776,281.3121250073891,0.5728542932028987
data/UCF-101/Swing/v_Swing_g01_c04.avi,Swing,Throwing [something] in the air and catching it,0.7156732678413391,Pretending to throw [something],0.06375010311603546,Throwing [something],0.04690457135438919,277.71366699016653,0.5584166878896186
data/UCF-101/Swing/v_Swing_g01_c05.avi,Swing,Throwing [something] in the air and catching it,0.5050449371337891,[Something] falling like a feather or paper,0.11693771183490753,Spinning [something] so it continues spinning,0.061867862939834595,281.8094160174951,0.7681248836090857
data/UCF-101/Swing/v_Swing_g02_c01.avi,Swing,Throwing [something] in the air and catching it,0.5173801183700562,Spinning [something] so it continues spinning,0.15599296987056732,Throwing [something] in the air and letting it fall,0.054315369576215744,279.757458018139,0.7889859281324803
data/UCF-101/Swing/v_Swing_g02_c02.avi,Swing,Moving [something] towards the camera,0.6666265726089478,Approaching [something] with your camera,0.0816299170255661,Spinning [something] so it continues spinning,0.07638102024793625,278.6394580034539,0.671316109329479
data/UCF-101/Swing/v_Swing_g02_c03.avi,Swing,Spinning [something] so it continues spinning,0.7227624654769897,Throwing [something] in the air and catching it,0.06647232919931412,Trying but failing to attach [something] to [something] because it doesn't stick,0.03190096840262413,281.00479202112183,0.5247697388525654
data/UCF-101/Swing/v_Swing_g02_c04.avi,Swing,Moving [something] towards the camera,0.4812544584274292,Spinning [something] so it continues spinning,0.1322028934955597,Pushing [something] so it spins,0.04673782363533974,278.0895000032615,0.7626388570102053
data/UCF-101/Swing/v_Swing_g02_c05.avi,Swing,Moving [something] towards the camera,0.6520053148269653,Spinning [something] so it continues spinning,0.0967312827706337,Approaching [something] with your camera,0.02604772336781025,280.1545829861425,0.599828592332085
data/UCF-101/TableTennisShot/v_TableTennisShot_g01_c01.avi,TableTennisShot,Hitting [something] with [something],0.6188103556632996,Spinning [something] so it continues spinning,0.1311662346124649,Throwing [something] onto a surface,0.057257652282714844,279.18091698666103,0.7272066320581763
data/UCF-101/TableTennisShot/v_TableTennisShot_g01_c02.avi,TableTennisShot,Hitting [something] with [something],0.48412734270095825,Pretending to throw [something],0.1746101826429367,Spinning [something] so it continues spinning,0.08740247040987015,281.88750002300367,0.8689391550819423
data/UCF-101/TableTennisShot/v_TableTennisShot_g01_c03.avi,TableTennisShot,Hitting [something] with [something],0.29164427518844604,Spinning [something] so it continues spinning,0.16081875562667847,Throwing [something] onto a surface,0.13768307864665985,281.363042013254,0.9262607786888593
data/UCF-101/TableTennisShot/v_TableTennisShot_g01_c04.avi,TableTennisShot,Hitting [something] with [something],0.6274188160896301,Spinning [something] so it continues spinning,0.13473668694496155,Pushing [something] so it spins,0.0537848137319088,278.4596249985043,0.7197365981381696
data/UCF-101/TableTennisShot/v_TableTennisShot_g01_c05.avi,TableTennisShot,Hitting [something] with [something],0.7123004198074341,Putting [number of] [something] onto [something],0.07860062271356583,Throwing [something] onto a surface,0.05208126828074455,281.65508300298825,0.5954602984768852
data/UCF-101/TableTennisShot/v_TableTennisShot_g01_c06.avi,TableTennisShot,Hitting [something] with [something],0.3282196819782257,Pretending to throw [something],0.1812347173690796,Spinning [something] so it continues spinning,0.14694327116012573,279.8312089871615,0.9569968528804327
data/UCF-101/TableTennisShot/v_TableTennisShot_g02_c01.avi,TableTennisShot,Hitting [something] with [something],0.7347861528396606,Pretending to scoop [something] up with [something],0.12119030952453613,Spinning [something] so it continues spinning,0.019682584330439568,281.3516669848468,0.5595160953572758
data/UCF-101/TableTennisShot/v_TableTennisShot_g02_c02.avi,TableTennisShot,Hitting [something] with [something],0.3229089081287384,Pretending to scoop [something] up with [something],0.27609485387802124,Spinning [something] so it continues spinning,0.17439508438110352,279.7830839990638,1.024917596634239
data/UCF-101/TableTennisShot/v_TableTennisShot_g02_c03.avi,TableTennisShot,Hitting [something] with [something],0.3972858488559723,Pretending to scoop [something] up with [something],0.21750251948833466,Sprinkling [something] onto [something],0.0958762839436531,279.6745000232477,0.9233449098173137
data/UCF-101/TableTennisShot/v_TableTennisShot_g02_c04.avi,TableTennisShot,Hitting [something] with [something],0.7379355430603027,Pretending to scoop [something] up with [something],0.06533000618219376,Sprinkling [something] onto [something],0.05744844675064087,281.3798749994021,0.5666204204657477
data/UCF-101/TaiChi/v_TaiChi_g01_c01.avi,TaiChi,Throwing [something],0.16793261468410492,Pretending to throw [something],0.13985733687877655,Hitting [something] with [something],0.10689233243465424,277.5406659930013,0.8137461208445724
data/UCF-101/TaiChi/v_TaiChi_g01_c02.avi,TaiChi,Hitting [something] with [something],0.3286457657814026,Throwing [something] in the air and catching it,0.2649041414260864,Throwing [something] in the air and letting it fall,0.0831175297498703,281.79904201533645,0.9243588385827023
data/UCF-101/TaiChi/v_TaiChi_g01_c03.avi,TaiChi,Hitting [something] with [something],0.9292277097702026,Pretending to throw [something],0.024153759703040123,Spinning [something] so it continues spinning,0.011004448868334293,280.95424998900853,0.20776280330861707
data/UCF-101/TaiChi/v_TaiChi_g01_c04.avi,TaiChi,Moving [part] of [something],0.1216442808508873,Lifting up one end of [something] without letting it drop down,0.07867204397916794,Pretending to pick [something] up,0.06473680585622787,282.8568330151029,0.6334957203257651
data/UCF-101/TaiChi/v_TaiChi_g02_c01.avi,TaiChi,Spinning [something] so it continues spinning,0.5521907210350037,Pretending or trying and failing to twist [something],0.11275701224803925,Throwing [something] in the air and letting it fall,0.04723459482192993,280.78733300208114,0.7182090931616864
data/UCF-101/TaiChi/v_TaiChi_g02_c02.avi,TaiChi,Spinning [something] so it continues spinning,0.7486498355865479,Pretending or trying and failing to twist [something],0.04937591403722763,Throwing [something] in the air and catching it,0.04744938388466835,280.36608299589716,0.5098893533876683
data/UCF-101/TaiChi/v_TaiChi_g02_c03.avi,TaiChi,Spinning [something] so it continues spinning,0.5559775233268738,Throwing [something] in the air and catching it,0.15840411186218262,Throwing [something] in the air and letting it fall,0.07078984379768372,279.39124999102205,0.8057047071102663
data/UCF-101/TaiChi/v_TaiChi_g02_c04.avi,TaiChi,Spinning [something] so it continues spinning,0.4552619755268097,Throwing [something] in the air and catching it,0.3200725317001343,Pretending or trying and failing to twist [something],0.04446518048644066,277.3838339780923,0.861288924869915
data/UCF-101/TaiChi/v_TaiChi_g03_c01.avi,TaiChi,Spinning [something] so it continues spinning,0.17013460397720337,Pretending to pick [something] up,0.05181151628494263,Spilling [something] onto [something],0.044659316539764404,279.1198340128176,0.5935380816498509
data/UCF-101/TaiChi/v_TaiChi_g03_c02.avi,TaiChi,Showing [something] to the camera,0.31392598152160645,Spinning [something] so it continues spinning,0.0660671815276146,Rolling [something] on a flat surface,0.049101296812295914,279.28770799189806,0.6912089723592887
data/UCF-101/TennisSwing/v_TennisSwing_g01_c01.avi,TennisSwing,Hitting [something] with [something],0.5930713415145874,Pretending to throw [something],0.16799946129322052,Throwing [something] in the air and catching it,0.04518419876694679,279.63533299043775,0.7494568698421967
data/UCF-101/TennisSwing/v_TennisSwing_g01_c02.avi,TennisSwing,Hitting [something] with [something],0.44713449478149414,Pretending to throw [something],0.16072790324687958,Throwing [something] onto a surface,0.1275484710931778,283.66312498110346,0.9163694312758075
data/UCF-101/TennisSwing/v_TennisSwing_g01_c03.avi,TennisSwing,Pretending to throw [something],0.2862224876880646,Hitting [something] with [something],0.1708434671163559,Spinning [something] so it continues spinning,0.139295756816864,285.81566698267125,0.9345156209210219
data/UCF-101/TennisSwing/v_TennisSwing_g01_c04.avi,TennisSwing,Hitting [something] with [something],0.28039729595184326,Spinning [something] so it continues spinning,0.24184876680374146,Pretending to throw [something],0.17333070933818817,284.2745000089053,1.0036004264644196
data/UCF-101/TennisSwing/v_TennisSwing_g01_c05.avi,TennisSwing,Pretending to throw [something],0.3889850676059723,Hitting [something] with [something],0.36937016248703003,Spinning [something] so it continues spinning,0.0561818890273571,286.4875000086613,0.8969183911781673
data/UCF-101/TennisSwing/v_TennisSwing_g01_c06.avi,TennisSwing,Pretending to throw [something],0.45826542377471924,Hitting [something] with [something],0.4076067805290222,Throwing [something],0.030732877552509308,284.69425000366755,0.8304201133562209
data/UCF-101/TennisSwing/v_TennisSwing_g01_c07.avi,TennisSwing,Pretending to throw [something],0.27664056420326233,Spinning [something] so it continues spinning,0.22771583497524261,Hitting [something] with [something],0.1567620187997818,284.217250009533,0.9829185833646805
data/UCF-101/TennisSwing/v_TennisSwing_g02_c01.avi,TennisSwing,Hitting [something] with [something],0.6848748326301575,Pretending to throw [something],0.1632092148065567,Throwing [something] in the air and catching it,0.07057062536478043,283.79866600153036,0.7421839565320109
data/UCF-101/TennisSwing/v_TennisSwing_g02_c02.avi,TennisSwing,Hitting [something] with [something],0.30683591961860657,Pretending to throw [something],0.2821218967437744,Throwing [something] in the air and catching it,0.11279022693634033,284.37783298431896,0.9656441778441356
data/UCF-101/TennisSwing/v_TennisSwing_g02_c03.avi,TennisSwing,Hitting [something] with [something],0.48560091853141785,Pretending to throw [something],0.3723302483558655,Throwing [something] in the air and catching it,0.03666011616587639,282.1969579963479,0.8398360194552893
data/UCF-101/ThrowDiscus/v_ThrowDiscus_g01_c01.avi,ThrowDiscus,Spinning [something] so it continues spinning,0.6630797982215881,Spinning [something] that quickly stops spinning,0.21798820793628693,Pushing [something] so it spins,0.03373192250728607,282.01308302232064,0.7188254438165078
data/UCF-101/ThrowDiscus/v_ThrowDiscus_g01_c02.avi,ThrowDiscus,Spinning [something] so it continues spinning,0.5418074131011963,Spinning [something] that quickly stops spinning,0.3400222957134247,Pushing [something] so it spins,0.06344124674797058,284.1316670237575,0.8737890109104245
data/UCF-101/ThrowDiscus/v_ThrowDiscus_g01_c03.avi,ThrowDiscus,Spinning [something] so it continues spinning,0.5860081911087036,Spinning [something] that quickly stops spinning,0.25768762826919556,Pushing [something] so it spins,0.025410830974578857,282.2913330164738,0.755924958708062
data/UCF-101/ThrowDiscus/v_ThrowDiscus_g01_c04.avi,ThrowDiscus,Spinning [something] so it continues spinning,0.6193879842758179,Spinning [something] that quickly stops spinning,0.14651115238666534,Throwing [something] in the air and letting it fall,0.04041816294193268,280.84729198599234,0.7077792418895823
data/UCF-101/ThrowDiscus/v_ThrowDiscus_g02_c01.avi,ThrowDiscus,Spinning [something] so it continues spinning,0.6509528756141663,Spinning [something] that quickly stops spinning,0.19580410420894623,Pushing [something] so it spins,0.06156973913311958,281.1211250082124,0.7703827911086719
data/UCF-101/ThrowDiscus/v_ThrowDiscus_g02_c02.avi,ThrowDiscus,Spinning [something] so it continues spinning,0.6337068676948547,Spinning [something] that quickly stops spinning,0.1898012012243271,Pretending to turn [something] upside down,0.07436823844909668,283.2403749926016,0.7977474638849029
data/UCF-101/ThrowDiscus/v_ThrowDiscus_g02_c03.avi,ThrowDiscus,Spinning [something] that quickly stops spinning,0.2596466839313507,Spinning [something] so it continues spinning,0.22210228443145752,Pretending to turn [something] upside down,0.22195078432559967,281.87758300919086,1.0183976424612067
data/UCF-101/ThrowDiscus/v_ThrowDiscus_g02_c04.avi,ThrowDiscus,Spinning [something] so it continues spinning,0.7932112812995911,Spinning [something] that quickly stops spinning,0.06675919890403748,Pretending to turn [something] upside down,0.020747845992445946,283.0498749972321,0.4448588743194213
data/UCF-101/ThrowDiscus/v_ThrowDiscus_g02_c05.avi,ThrowDiscus,Spinning [something] so it continues spinning,0.6951939463615417,Spinning [something] that quickly stops spinning,0.15411724150180817,Pretending to turn [something] upside down,0.05199896916747093,283.14779099309817,0.6946900246976604
data/UCF-101/ThrowDiscus/v_ThrowDiscus_g02_c06.avi,ThrowDiscus,Spinning [something] that quickly stops spinning,0.40846437215805054,Spinning [something] so it continues spinning,0.3702426254749298,Pushing [something] so it spins,0.09241367131471634,282.0174169901293,0.9536720238336326
data/UCF-101/TrampolineJumping/v_TrampolineJumping_g01_c01.avi,TrampolineJumping,Throwing [something] in the air and catching it,0.23481982946395874,Throwing [something] in the air and letting it fall,0.1982705444097519,Spinning [something] so it continues spinning,0.19061344861984253,282.50208401004784,0.9770084305525635
data/UCF-101/TrampolineJumping/v_TrampolineJumping_g01_c02.avi,TrampolineJumping,Spinning [something] so it continues spinning,0.34378471970558167,Throwing [something] in the air and catching it,0.3129846453666687,Pushing [something] so it spins,0.0637621134519577,280.0369999895338,0.9061472373409761
data/UCF-101/TrampolineJumping/v_TrampolineJumping_g01_c03.avi,TrampolineJumping,Throwing [something] in the air and catching it,0.4005688428878784,Spinning [something] so it continues spinning,0.19057400524616241,Throwing [something] in the air and letting it fall,0.10226752609014511,281.60816701711155,0.9155722357813647
data/UCF-101/TrampolineJumping/v_TrampolineJumping_g01_c04.avi,TrampolineJumping,Throwing [something] in the air and catching it,0.6924729347229004,Spinning [something] so it continues spinning,0.09630507230758667,Throwing [something] in the air and letting it fall,0.09596900641918182,281.02645798935555,0.7047760661105961
data/UCF-101/TrampolineJumping/v_TrampolineJumping_g02_c01.avi,TrampolineJumping,Throwing [something] in the air and catching it,0.6190941333770752,Throwing [something] in the air and letting it fall,0.36225613951683044,Hitting [something] with [something],0.002106310334056616,282.0957909862045,0.6776714127609107
data/UCF-101/TrampolineJumping/v_TrampolineJumping_g02_c02.avi,TrampolineJumping,Throwing [something] in the air and catching it,0.6918087005615234,Throwing [something] in the air and letting it fall,0.27207276225090027,Spinning [something] so it continues spinning,0.014838166534900665,282.6714160037227,0.6715241294414549
data/UCF-101/TrampolineJumping/v_TrampolineJumping_g02_c03.avi,TrampolineJumping,Throwing [something] in the air and letting it fall,0.52633136510849,Throwing [something] in the air and catching it,0.44402605295181274,Hitting [something] with [something],0.012906518764793873,281.3736669777427,0.7544482440070587
data/UCF-101/TrampolineJumping/v_TrampolineJumping_g02_c04.avi,TrampolineJumping,Throwing [something] in the air and letting it fall,0.5034485459327698,Throwing [something] in the air and catching it,0.4748574197292328,Hitting [something] with [something],0.00545085221529007,282.0988339954056,0.7275589214472223
data/UCF-101/TrampolineJumping/v_TrampolineJumping_g02_c05.avi,TrampolineJumping,Throwing [something] in the air and catching it,0.4312654435634613,Throwing [something] in the air and letting it fall,0.4214905798435211,Spinning [something] so it continues spinning,0.03912065923213959,279.32450000662357,0.8536520660958148
data/UCF-101/TrampolineJumping/v_TrampolineJumping_g02_c06.avi,TrampolineJumping,Throwing [something] in the air and catching it,0.7862359285354614,Throwing [something] in the air and letting it fall,0.17347145080566406,Spinning [something] so it continues spinning,0.0122345807030797,278.4512500220444,0.5468405652945609
data/UCF-101/Typing/v_Typing_g01_c01.avi,Typing,Moving [part] of [something],0.4098564088344574,Touching (without moving) [part] of [something],0.2952251136302948,Pretending to squeeze [something],0.13131631910800934,277.99866601708345,0.9923417893167755
data/UCF-101/Typing/v_Typing_g01_c02.avi,Typing,Moving [part] of [something],0.7264015078544617,Touching (without moving) [part] of [something],0.11780533194541931,Pretending to squeeze [something],0.08033844083547592,277.49400000902824,0.6867227383255907
data/UCF-101/Typing/v_Typing_g01_c03.avi,Typing,Moving [part] of [something],0.40607771277427673,Pretending to squeeze [something],0.23474860191345215,Touching (without moving) [part] of [something],0.1288808286190033,279.68249999685213,0.9702283725776586
data/UCF-101/Typing/v_Typing_g01_c04.avi,Typing,Moving [part] of [something],0.4865019917488098,Touching (without moving) [part] of [something],0.259957879781723,Pretending to squeeze [something],0.11639303714036942,280.50441600498743,0.9510922746997486
data/UCF-101/Typing/v_Typing_g01_c05.avi,Typing,Moving [part] of [something],0.4710181951522827,Touching (without moving) [part] of [something],0.23474255204200745,Pretending to squeeze [something],0.16924473643302917,281.70891699846834,0.9954624027140488
data/UCF-101/Typing/v_Typing_g01_c06.avi,Typing,Touching (without moving) [part] of [something],0.41380950808525085,Moving [part] of [something],0.2793917655944824,Pretending to squeeze [something],0.07751632481813431,282.7550420188345,0.9196182462137396
data/UCF-101/Typing/v_Typing_g01_c07.avi,Typing,Touching (without moving) [part] of [something],0.5008509755134583,Moving [part] of [something],0.31075865030288696,Pretending to squeeze [something],0.042964763939380646,285.1118330145255,0.8447336281642951
data/UCF-101/Typing/v_Typing_g02_c01.avi,Typing,Moving [part] of [something],0.49214422702789307,Touching (without moving) [part] of [something],0.21173420548439026,Pretending to sprinkle air onto [something],0.07186201214790344,283.7814590020571,0.8668364983725034
data/UCF-101/Typing/v_Typing_g02_c02.avi,Typing,Pretending to sprinkle air onto [something],0.29762083292007446,Moving [part] of [something],0.24499326944351196,Touching (without moving) [part] of [something],0.2125052660703659,282.55887501291,1.0344118565217015
data/UCF-101/Typing/v_Typing_g02_c03.avi,Typing,Touching (without moving) [part] of [something],0.250827819108963,Moving [part] of [something],0.20464152097702026,Pretending to sprinkle air onto [something],0.17777486145496368,283.1282500119414,0.9786142377520144
data/UCF-101/UnevenBars/v_UnevenBars_g01_c01.avi,UnevenBars,Pretending to turn [something] upside down,0.5001879930496216,Throwing [something] in the air and catching it,0.187362402677536,Turning [something] upside down,0.12014470249414444,278.5837090050336,0.9148873039491076
data/UCF-101/UnevenBars/v_UnevenBars_g01_c02.avi,UnevenBars,Throwing [something] in the air and letting it fall,0.24106769263744354,[Something] falling like a feather or paper,0.23061123490333557,Throwing [something] in the air and catching it,0.17896871268749237,278.18700001807883,0.9891969211431157
data/UCF-101/UnevenBars/v_UnevenBars_g01_c03.avi,UnevenBars,Turning [something] upside down,0.6855219602584839,Throwing [something] in the air and letting it fall,0.08997340500354767,Throwing [something] in the air and catching it,0.06188206747174263,280.7331669901032,0.6477018257158739
data/UCF-101/UnevenBars/v_UnevenBars_g01_c04.avi,UnevenBars,Turning [something] upside down,0.5433716773986816,Pretending to turn [something] upside down,0.22164680063724518,Throwing [something] in the air and letting it fall,0.07398058474063873,278.86591700371355,0.8580264681799263
data/UCF-101/UnevenBars/v_UnevenBars_g02_c01.avi,UnevenBars,Throwing [something] in the air and letting it fall,0.4907503128051758,[Something] falling like a feather or paper,0.1957312822341919,Turning [something] upside down,0.15516287088394165,279.1641669755336,0.9576778387004685
data/UCF-101/UnevenBars/v_UnevenBars_g02_c02.avi,UnevenBars,Turning [something] upside down,0.3894199728965759,Throwing [something] in the air and catching it,0.1550520658493042,[Something] falling like a feather or paper,0.15100207924842834,281.0917499882635,0.9417405790705425
data/UCF-101/UnevenBars/v_UnevenBars_g02_c03.avi,UnevenBars,Throwing [something] in the air and catching it,0.378182053565979,Throwing [something] in the air and letting it fall,0.23048165440559387,[Something] falling like a feather or paper,0.20339012145996094,281.5003329887986,1.0299127749829293
data/UCF-101/UnevenBars/v_UnevenBars_g02_c04.avi,UnevenBars,Throwing [something] in the air and letting it fall,0.397064745426178,Throwing [something] in the air and catching it,0.24454565346240997,Turning [something] upside down,0.12000980228185654,282.38870899076574,0.9656004791386215
data/UCF-101/UnevenBars/v_UnevenBars_g03_c01.avi,UnevenBars,Throwing [something] in the air and letting it fall,0.6562727689743042,Turning [something] upside down,0.15038050711154938,Throwing [something] in the air and catching it,0.06694690883159637,284.277208003914,0.7423317930070601
data/UCF-101/UnevenBars/v_UnevenBars_g03_c02.avi,UnevenBars,Turning [something] upside down,0.4595279395580292,Throwing [something] in the air and letting it fall,0.14051520824432373,Pretending to turn [something] upside down,0.09899772703647614,284.7285419993568,0.8620090187070253
data/UCF-101/VolleyballSpiking/v_VolleyballSpiking_g01_c01.avi,VolleyballSpiking,Throwing [something] in the air and catching it,0.14629624783992767,Throwing [something],0.13657993078231812,Dropping [something] behind [something],0.11673195660114288,280.80154201597907,0.8038343329444064
data/UCF-101/VolleyballSpiking/v_VolleyballSpiking_g01_c02.avi,VolleyballSpiking,Throwing [something] in the air and catching it,0.7763943672180176,Throwing [something] in the air and letting it fall,0.06660252064466476,Sprinkling [something] onto [something],0.041103899478912354,281.45058298832737,0.5081177249683757
data/UCF-101/VolleyballSpiking/v_VolleyballSpiking_g01_c03.avi,VolleyballSpiking,Throwing [something] in the air and catching it,0.7174481749534607,Throwing [something] in the air and letting it fall,0.15514855086803436,Throwing [something],0.0362023189663887,285.15866698580794,0.6474736194724271
data/UCF-101/VolleyballSpiking/v_VolleyballSpiking_g01_c04.avi,VolleyballSpiking,Throwing [something],0.3594590127468109,Throwing [something] in the air and catching it,0.24656346440315247,Throwing [something] in the air and letting it fall,0.20724761486053467,284.1087080014404,1.0391794685862161
data/UCF-101/VolleyballSpiking/v_VolleyballSpiking_g02_c01.avi,VolleyballSpiking,Throwing [something] in the air and catching it,0.35392826795578003,Throwing [something],0.15529197454452515,Throwing [something] in the air and letting it fall,0.09511807560920715,282.3570420150645,0.8806129914142906
data/UCF-101/VolleyballSpiking/v_VolleyballSpiking_g02_c02.avi,VolleyballSpiking,Throwing [something] in the air and catching it,0.5075080990791321,Throwing [something] in the air and letting it fall,0.21809756755828857,Throwing [something],0.14981609582901,285.18683300353587,0.960738276484953
data/UCF-101/VolleyballSpiking/v_VolleyballSpiking_g02_c03.avi,VolleyballSpiking,Dropping [something] onto [something],0.20299269258975983,[Something] falling like a rock,0.12085903435945511,Throwing [something] in the air and catching it,0.11990844458341599,282.3277919960674,0.8334090878284286
data/UCF-101/VolleyballSpiking/v_VolleyballSpiking_g02_c04.avi,VolleyballSpiking,Throwing [something],0.26280784606933594,Throwing [something] in the air and letting it fall,0.22740381956100464,Throwing [something] in the air and catching it,0.18702633678913116,283.29470797325484,1.0015407165581194
data/UCF-101/VolleyballSpiking/v_VolleyballSpiking_g03_c01.avi,VolleyballSpiking,Throwing [something] in the air and catching it,0.7960242629051208,Throwing [something] in the air and letting it fall,0.0642610490322113,Throwing [something],0.05925634503364563,283.74933399027213,0.5254288159723262
data/UCF-101/VolleyballSpiking/v_VolleyballSpiking_g03_c02.avi,VolleyballSpiking,Throwing [something] in the air and catching it,0.5959678292274475,Throwing [something],0.19686098396778107,Throwing [something] in the air and letting it fall,0.06682685017585754,283.8267080078367,0.8092141023823936
data/UCF-101/WalkingWithDog/v_WalkingWithDog_g01_c01.avi,WalkingWithDog,Rolling [something] on a flat surface,0.2836822271347046,Letting [something] roll along a flat surface,0.22079314291477203,Spinning [something] so it continues spinning,0.0764235407114029,280.93800001079217,0.8874462761426155
data/UCF-101/WalkingWithDog/v_WalkingWithDog_g01_c02.avi,WalkingWithDog,Letting [something] roll down a slanted surface,0.647516131401062,Spinning [something] so it continues spinning,0.15660928189754486,Rolling [something] on a flat surface,0.0488172210752964,279.5158749795519,0.719183806616618
data/UCF-101/WalkingWithDog/v_WalkingWithDog_g01_c03.avi,WalkingWithDog,Pulling [something] from right to left,0.2650172710418701,Moving [something] and [something] so they pass each other,0.1602056920528412,Turning the camera left while filming [something],0.07630150765180588,282.172500010347,0.8416451211932416
data/UCF-101/WalkingWithDog/v_WalkingWithDog_g01_c04.avi,WalkingWithDog,Pushing [something] with [something],0.42096269130706787,Hitting [something] with [something],0.25984087586402893,Showing [something] behind [something],0.055148400366306305,283.3864580024965,0.8742104900618892
data/UCF-101/WalkingWithDog/v_WalkingWithDog_g02_c01.avi,WalkingWithDog,Moving away from [something] with your camera,0.8522759675979614,Moving [something] away from the camera,0.1430121511220932,Approaching [something] with your camera,0.0007377697038464248,283.90262500033714,0.41968637532219283
data/UCF-101/WalkingWithDog/v_WalkingWithDog_g02_c02.avi,WalkingWithDog,Moving away from [something] with your camera,0.863724410533905,Moving [something] away from the camera,0.11429210752248764,Approaching [something] with your camera,0.0035574089270085096,279.77512500365265,0.39449551589956666
data/UCF-101/WalkingWithDog/v_WalkingWithDog_g02_c03.avi,WalkingWithDog,Moving away from [something] with your camera,0.9604882001876831,Moving [something] away from the camera,0.03785178065299988,Approaching [something] with your camera,0.0005202051252126694,279.56762502435595,0.16658379398235795
data/UCF-101/WalkingWithDog/v_WalkingWithDog_g02_c04.avi,WalkingWithDog,Moving away from [something] with your camera,0.9931307435035706,Moving [something] away from the camera,0.0064979782328009605,Approaching [something] with your camera,0.00023890742158982903,281.5844579890836,0.04156349651546986
data/UCF-101/WalkingWithDog/v_WalkingWithDog_g02_c05.avi,WalkingWithDog,Moving away from [something] with your camera,0.9265764355659485,Moving [something] away from the camera,0.05568542703986168,Approaching [something] with your camera,0.008099504746496677,281.4744590141345,0.27048794026727185
data/UCF-101/WalkingWithDog/v_WalkingWithDog_g02_c06.avi,WalkingWithDog,Moving away from [something] with your camera,0.9640858173370361,Moving [something] away from the camera,0.0323152095079422,Approaching [something] with your camera,0.0016270437045022845,282.48441600590013,0.15662145858017204
data/UCF-101/WallPushups/v_WallPushups_g01_c01.avi,WallPushups,Pretending to open [something] without actually opening it,0.28790220618247986,Plugging [something] into [something],0.08981581032276154,Closing [something],0.06746813654899597,281.7823750083335,0.7568333652734562
data/UCF-101/WallPushups/v_WallPushups_g01_c02.avi,WallPushups,Pretending to open [something] without actually opening it,0.2166367918252945,Moving [part] of [something],0.141470268368721,Pretending to close [something] without actually closing it,0.14110228419303894,281.5491249784827,0.884338097478484
data/UCF-101/WallPushups/v_WallPushups_g01_c03.avi,WallPushups,Pretending to open [something] without actually opening it,0.18680299818515778,Pushing [something] so that it slightly moves,0.09681540727615356,Pretending to poke [something],0.0686560645699501,282.40612501394935,0.7233638519149509
data/UCF-101/WallPushups/v_WallPushups_g01_c04.avi,WallPushups,Pretending to open [something] without actually opening it,0.24151961505413055,Pretending to poke [something],0.13195575773715973,Hitting [something] with [something],0.049982212483882904,284.99983399524353,0.7601517774903147
data/UCF-101/WallPushups/v_WallPushups_g02_c01.avi,WallPushups,Pretending to open [something] without actually opening it,0.29552212357521057,Holding [something],0.25308293104171753,Squeezing [something],0.053968556225299835,284.67020799871534,0.8655437713709908
data/UCF-101/WallPushups/v_WallPushups_g02_c02.avi,WallPushups,Holding [something],0.2634132206439972,Pretending to open [something] without actually opening it,0.22279797494411469,Pretending to poke [something],0.04631714150309563,283.9432080218103,0.828227901900888
data/UCF-101/WallPushups/v_WallPushups_g02_c03.avi,WallPushups,Pretending to open [something] without actually opening it,0.2448013573884964,Holding [something],0.2240910530090332,Pretending to close [something] without actually closing it,0.03199373930692673,283.26691701659,0.7898139045803706
data/UCF-101/WallPushups/v_WallPushups_g02_c04.avi,WallPushups,Pretending to open [something] without actually opening it,0.33446234464645386,Holding [something],0.19447752833366394,Hitting [something] with [something],0.04120463505387306,281.83066699421033,0.8161685521778235
data/UCF-101/WallPushups/v_WallPushups_g03_c01.avi,WallPushups,Moving [part] of [something],0.14078213274478912,Pretending to open [something] without actually opening it,0.09488441050052643,Pretending to pick [something] up,0.06463940441608429,285.58641602285206,0.6765140033825972
data/UCF-101/WallPushups/v_WallPushups_g03_c02.avi,WallPushups,Pretending to open [something] without actually opening it,0.13258953392505646,Moving [part] of [something],0.09545185416936874,Poking [something] so it slightly moves,0.09132842719554901,287.42462501395494,0.7107016044067409
data/UCF-101/WritingOnBoard/v_WritingOnBoard_g01_c01.avi,WritingOnBoard,Pretending or failing to wipe [something] off of [something],0.15479083359241486,Sprinkling [something] onto [something],0.07411067932844162,Pushing [something] from left to right,0.07284625619649887,287.32316600508057,0.6724545160984947
data/UCF-101/WritingOnBoard/v_WritingOnBoard_g01_c02.avi,WritingOnBoard,Pretending or failing to wipe [something] off of [something],0.19589798152446747,Pretending to poke [something],0.1112336739897728,Pretending to open [something] without actually opening it,0.09587844461202621,287.69887500675395,0.7884317365488702
data/UCF-101/WritingOnBoard/v_WritingOnBoard_g01_c03.avi,WritingOnBoard,Pretending or failing to wipe [something] off of [something],0.23588041961193085,Taking [one of many similar things on the table],0.20410040020942688,Sprinkling [something] onto [something],0.10032869875431061,286.6384169901721,0.8957437254571933
data/UCF-101/WritingOnBoard/v_WritingOnBoard_g01_c04.avi,WritingOnBoard,Attaching [something] to [something],0.11813696473836899,Plugging [something] into [something],0.1028471365571022,Poking [something] so lightly that it doesn't or almost doesn't move,0.05756775662302971,284.78641700348817,0.6506009997552844
data/UCF-101/WritingOnBoard/v_WritingOnBoard_g01_c05.avi,WritingOnBoard,Taking [one of many similar things on the table],0.18979321420192719,Pretending or failing to wipe [something] off of [something],0.09751653671264648,Pretending to poke [something],0.08800061047077179,282.60129198315553,0.7562723752927564
data/UCF-101/WritingOnBoard/v_WritingOnBoard_g01_c06.avi,WritingOnBoard,Dropping [something] behind [something],0.16818752884864807,Pretending or failing to wipe [something] off of [something],0.09847265481948853,Letting [something] roll down a slanted surface,0.09558621048927307,283.59162498963997,0.7524914049386124
data/UCF-101/WritingOnBoard/v_WritingOnBoard_g01_c07.avi,WritingOnBoard,Pretending or failing to wipe [something] off of [something],0.15370240807533264,Taking [one of many similar things on the table],0.11720331758260727,Sprinkling [something] onto [something],0.09827834367752075,282.80050001922064,0.7671109370126801
data/UCF-101/WritingOnBoard/v_WritingOnBoard_g02_c01.avi,WritingOnBoard,Sprinkling [something] onto [something],0.1497892290353775,Pushing [something] from left to right,0.08762954920530319,Hitting [something] with [something],0.08664226531982422,281.7547500017099,0.7096490745453033
data/UCF-101/WritingOnBoard/v_WritingOnBoard_g02_c02.avi,WritingOnBoard,Spreading [something] onto [something],0.36095672845840454,"Putting [something], [something] and [something] on the table",0.11763063073158264,Putting [number of] [something] onto [something],0.10629499703645706,283.67525001522154,0.8578318276508117
data/UCF-101/WritingOnBoard/v_WritingOnBoard_g02_c03.avi,WritingOnBoard,Sprinkling [something] onto [something],0.16318514943122864,Hitting [something] with [something],0.09117317199707031,Pretending to sprinkle air onto [something],0.08334105461835861,282.6431250141468,0.7212797079412466
data/UCF-101/YoYo/v_YoYo_g01_c01.avi,YoYo,Throwing [something] in the air and catching it,0.3739015758037567,Spinning [something] so it continues spinning,0.12642885744571686,Throwing [something] against [something],0.0952581986784935,285.6355829862878,0.8532625079568157
data/UCF-101/YoYo/v_YoYo_g01_c02.avi,YoYo,Spinning [something] so it continues spinning,0.35104086995124817,Throwing [something] against [something],0.2929218113422394,Hitting [something] with [something],0.098219133913517,282.9005419916939,0.9550748001947476
data/UCF-101/YoYo/v_YoYo_g01_c03.avi,YoYo,Throwing [something] in the air and catching it,0.632053792476654,Hitting [something] with [something],0.10295422375202179,Throwing [something] in the air and letting it fall,0.07411357015371323,281.84479198534973,0.7168926690722757
data/UCF-101/YoYo/v_YoYo_g01_c04.avi,YoYo,Pretending to throw [something],0.29195255041122437,Hitting [something] with [something],0.24810098111629486,Throwing [something],0.2118096500635147,286.833000020124,1.03401707368376
data/UCF-101/YoYo/v_YoYo_g01_c05.avi,YoYo,Hitting [something] with [something],0.27653273940086365,Pretending to throw [something],0.2585078179836273,Throwing [something] against [something],0.16743193566799164,284.6381670096889,1.0044100831780793
data/UCF-101/YoYo/v_YoYo_g01_c06.avi,YoYo,Hitting [something] with [something],0.20992785692214966,Throwing [something] in the air and catching it,0.15231536328792572,Pretending to throw [something],0.12270180881023407,283.036707987776,0.8717511178083697
data/UCF-101/YoYo/v_YoYo_g01_c07.avi,YoYo,Pretending to throw [something],0.32596150040626526,Throwing [something] against [something],0.2786427140235901,Spinning [something] so it continues spinning,0.10578949749469757,283.4515409776941,0.9590869955645165
data/UCF-101/YoYo/v_YoYo_g02_c01.avi,YoYo,Spinning [something] so it continues spinning,0.4991741180419922,Throwing [something] in the air and catching it,0.14455395936965942,Hitting [something] with [something],0.11188094317913055,282.83108299365267,0.8714635596243668
data/UCF-101/YoYo/v_YoYo_g02_c02.avi,YoYo,Throwing [something] in the air and catching it,0.30704453587532043,Spinning [something] so it continues spinning,0.19071321189403534,Spinning [something] that quickly stops spinning,0.08102532476186752,281.56324999872595,0.882171615426057
data/UCF-101/YoYo/v_YoYo_g02_c03.avi,YoYo,Twisting [something],0.26176080107688904,Pulling two ends of [something] but nothing happens,0.1878022998571396,Folding [something],0.1306886374950409,278.86666599079035,0.9308616296598674
